Name,URL,Instagram,Email address,Address,Town / City,Phone,Open to public?,Online store?,Categories,Hours
Pie In The Sky Bakery,www.pieintheskyfarmandbakery.com,https://www.instagram.com/pieintheskyfarmandbakery,Ben.pieinthesky@gmail.com,"33165 Bell Road, Wainfleet, Ontario L0S 1V0",Wainfleet,(905) 870-2923,Yes,Yes,Bakery,
20 Valley Harvest Farms,www.20valleyharvest.ca,https://www.instagram.com/20valleyharvest/,20valleyharvest@gmail.com,"4235 15th Street, Jordan Station, Ontario, L0R 1S0",Jordan Station,(905) 562-5272,,,"Pick-your-own, Cherries, Baked Goods, Pantry, Syrup, Produce",
Fenwick Berry Farm,https://www.fenwickberryfarm.ca,https://www.instagram.com/fenwickberryfarm,fenwickberryfarm@gmail.com,"1760 Balfour St, Fenwick, Ontario L0S 1C0",Fenwick,(905) 892-8231,,,"Strawberries, Pick-your-own",
Stapleton's Farm Market,www.stapletonsfarmmarket.com,https://www.instagram.com/stapletonsfarmmarket,stapleton_farms@hotmail.com,"2708 County Rd 28 Port Hope, Ontario L1A 3V6",Port Hope,,Yes,,"Produce, Meat, Baked Goods, Pantry",
Ottawa St Farmers Market,https://ottawastreetfarmers.com/,https://www.instagram.com/ottawastfarmers,info@ottawastreetfarmers.com,"3 Britannia Ave. Hamilton, Ontario L8H 3Z5",Hamilton,(289) 426-2461,Yes,,Farmers market,"Saturdays 8am - 2pm April - December
"
Bowmanlea Farms,-,-,bowmanme@ntl.sympatico.ca,"064511 Pineheights Road, Thornloe, ON P0J 1S0",Thornloe,705-563-8444,Yes,No,Farm,-
Gammondale Farm,https://www.gammondalefarm.com/,https://www.instagram.com/gammondalefarm/?hl=en,farmfun@tbaytel.net,"426 McCluskey Dr, Slate River Valley, ON P7J 0B3",Slate River Valley,807-475-5615,Yes,No,Farm,-
Leisure Farms,https://www.shopleisurefarms.ca/,https://www.instagram.com/leisurefarms/,contact@leisurefarms.ca,"744 Quesnel Rd, Sturgeon Falls, ON P2B 2W3",Sturgeon Falls,705-753-0109,Yes,Yes,"Farm, Bakery",-
Board’s Honey Farm,https://northernnectars.com/,https://www.instagram.com/boards_honey_farm,info@boardshoneyfarm.com,"6866 Hwy. 534, RR#1 Nipissing, ON, P0H 1WO",Nipissing,705-729-2939,Yes,Yes,Honey Farm,Open 10-5pm daily
Hugli’s Blueberry Ranch,https://blueberryranch.ca/,https://www.instagram.com/hugliblueberryranch/,info@blueberryranch.ca,"2139 Greenwood Rd, Pembroke, ON K8A 6W2",Pembroke,613-638-1288,Yes,Yes,Blueberry,"Mon – Sat 10am-5pm, Sun 11am-4pm"
Muskoka Lakes Farm & Winery,https://cranberry.ca/,https://www.instagram.com/johnstons_cranberries,ontario@cranberry.ca,"1074 Cranberry Road, Bala, ON, P0C 1A0",Bala,705-762-3203,Yes,Yes,Farm & Winery,Daily 10-5
Orléans Fruit Farm,https://www.fermedorleans.com/,-,offl@rogers.com,"1399 St-Joseph, Ottawa (Orléans), ON, K1C 7K9",Ottawa (Orléans),613-830-1303,No,No,Fruit Farm,"Mon-Fri:10:00 a.m. to 5:30 p.m., Sat-Sun:10:00 a.m. to 5:00 p.m."
Hudson's Farm Fresh Produce,https://www.hudsonsfarmfresh.ca/,https://www.instagram.com/hudsonsfarmfresh,panmure@xplornet.com,"2831 Upper Dwyer Hill Rd. Kinburn, ON,  K0A 2H0",Kinburn,613-839-2346,No,No,Farm,-
Avonmore Berry Farm Inc.,https://avonmoreberryfarm.com/,https://www.instagram.com/avonmoreberryfarm,pam@avonmoreberryfarm.com,"16365 Fourth Rd Avonmore, ON, K0C 1C0",Avonmore,613-346-2336,Yes,No,Berry Farm,Open Daily: Mid-June to October 31st 9am–5pm
Miller’s Bay Farm,https://millersbayfarm.com/,https://www.instagram.com/millersbayfarm/,millersfarmfresh@gmail.com,"65 Rideau Ferry Rd, Lombardy, ON K0G 1L0",Lombardy,613-283-0205,Yes,Yes,Farm,Mon-Sat: 9:30 am – 6:00 pm
Corn Acre Farm,http://www.cornacrefarms.com/,-,cornacres@ripnet.com,"1757 Summers Rd. Lyndhurst, ON K0E 1N0",Lyndhurst,613-928-2977,Yes,Yes,Farm,-
Saunders Farm,http://www.saundersfarm.com/,https://www.instagram.com/saundersfarmfun,mark@saundersfarm.com,"7893 Bleeks Rd. Ottawa, ON, K0A 3P0",Ottawa,613-838-5440,Yes,Yes,Farm,-
Marlin Orchards & Garden Centre,https://marlinorchards.com/,http://instagram.com/marlinorchards,diane@marlinorchards.com,"6864 Orchard Road, Cornwall, ON, K6H 5R5",Cornwall,613-931-1213,Yes,Yes,Farm,Mon-Sun: 9 am – 5 pm
Mountain Orchards,http://www.mountainorchards.ca/,https://www.instagram.com/mountainorchards/,shelley.lyall@mountainorcards.ca,"10175 Clark Road, Mountain ON K0E 1S0",Mountain,613-989-5601,Yes,No,Farm,-
Tincap Berry Farm,https://www.tincapberryfarm.ca/,https://www.instagram.com/tincapberryfarm,hello@tincapberryfarm.ca,"4035 County Rd 29 Brockville, ON, K6V 5T4",Brockville,613-345-3096,Yes,No,Farm,Monday to Saturday 8am to 6pm
Three Roads Farms Ltd.,https://threeroadsfarms.com/,-,glen@threeroadsfarms.com,"2415 County Rd 21 Spencerville, ON K0E 1X0",Spencerville,705-295-6850,Yes,No,Farm,"9am – 6pm, 7 days per week."
Andrews Farm Market and Winery,https://www.andrewsscenicacres.com/,https://www.instagram.com/andrewsscenic/?hl=en,farm@AndrewsScenicAcres.com,"9365 10 Side Road, Milton, ON  L9T 2X9",Milton,905-878-5807,Yes,No,Farm,10-4 Weekdays & 10-5 Weekends!
Hillsview Farms,https://www.hillsviewfarm.ca/,https://www.instagram.com/explore/tags/wordcamp/,hillsview.justin@gmail.com,"37089 Belfast Rd. Lucknow, ON N0G 2H0",Lucknow,519-529-3653,Yes,No,Farm,-
Lakeshore Farms,http://www.lakeshorefarms.ca/,-,wendy.channell@sympatico.ca,"467 Main St., RR#1 Wellington, ON, K0K 3L0",Wellington,613-399-1733,Yes,No,Farm,daily 8am - 6 pm. 7 days a week
Lennox Farms (1988),https://lennoxfarm.ca/,https://www.instagram.com/farmer_french/,lennoxfarms@hotmail.com,"518024, Dufferin County Rd 124, Melancthon, ON L9V 1V9",Melancthon,519-925-6444,Yes,Yes,Farm,-
Rutherford's Farm and Roadside Market,https://rutherfordsfarm.com/,-,rutherfordsfarm@gmail.com,"205 King St, East Colborne, ON, K0K1S0",East Colborne,905-355-3024,Yes,No,Farm,7 days a week.  9AM-5PM
Elberta Farms,https://www.elbertafarms.ca/,-,info@elbertafarms.ca,"353 Governors Rd E Paris, ON N3L 3E1",Paris,519-752-2047,Yes,No,Farm,"Tues-Sat:9:00 AM – 5:00 PM, Sun: 9:00 AM – 4:00 PM"
Serenity Lavender Farm,https://serenitylavender.com/,https://www.instagram.com/explore/locations/17629368/,suzanne@serenitylavender.com,"130 County Road 50 East Colchester, ON, N0R 1G0",East Colchester,519-738-6111,Yes,Yes,Farm,Mon-Sun: 11 am -5 pm
Debackere Farms Inc.,https://www.debackerefarms.ca/,-,debackerefarms@gmail.com,"5013 Yarmouth Centre Rd Union, ON, N0L 2L0",Union,519-476-4623,No,No,Farm,-
Robintide Farms Limited,https://robintidefarms.com/,https://www.instagram.com/robintidefarms,info@robintidefarms.com,"2720 King Vaughan Rd Maple, ON L6A 2A8",Maple,647-988-2720,Yes,Yes,Farm,
Burnham Family Farm Market Ltd.,https://burnhamfamilyfarmmarket.ca/,https://www.instagram.com/burnhamfamilyfarmmarket/,burnhamfarmmarket@gmail.com,"7760 County Rd 2 Cobourg, ON K9A 4J7",Cobourg,905-373-4578,Yes,No,Farm,Monday to Sunday: 9:00am-5:30pm
Chappell Farms,https://chappellfarms.ca/,https://www.instagram.com/chappellfarms,info@chappellfarms.ca,"617 Penetanguishene Rd. Barrie, ON L4M 4Y8",Barrie,705-721-1547,Yes,No,Farm,-
Barrie Hill Farms,https://barriehillfarms.com/,https://www.instagram.com/barriehillfarms/,info@barriehillfarms.com,"2935 Barrie Hill Rd, Springwater, ON L9X 1S8",Springwater,705-728-0571,Yes,Yes,Farm,
Barrett’s Christmas Tree Farm,https://www.barrettstreefarm.ca/,https://www.instagram.com/barrettstreefarm/,diana.barrett@hotmail.com,"3141 Williamson Road Cobourg, ON, K9A 4J7",Cobourg,905-342-2622,Yes,Yes,Farm,Monday - Sunday 9am-5pm
Fermanagh Farms,https://fermanaghfarms.com/,-,info@fermanaghfarms.com,"4023 3rd Line, Tottenham,  ON, L0G 1W0",Tottenham,647 773-2007,Yes,Yes,Farm,-
Eborall Farms,-,https://www.instagram.com/eborallfarms,teborall@hotmail.com,"3901 John St, Lincoln, ON L3J 1C9",Lincoln,905-988-0348,Not Sure,Not Sure,Farm,
Willis Family Fruit Farm,-,-,drum.quin@hotmail.com,"6063 Fifth Line Milton, ON L9T 2X8",Milton,905-876-2606,Not Sure,Not Sure,Fruit Farm,-
Jakeman’s Maple Farm,https://jakemansmaplesyrup.com/,https://www.instagram.com/jakemansmapleproducts/,info@themaplestore.com,"454414 Trillium Line, Beachville, ON N0J 1A0",Beachville,519-539-1366,Yes,Yes,Maple Farm,"Mon - Wed: 9 AM–6 PM, Thurs & Fri: 9 AM–4:30 PM, Sat & Sun: 10 AM–4 PM"
Moore Farms,https://www.mooreberries.ca/,https://instragrams.com/moorefarmsayr,mooreberries@gmail.com,"497 Pinehurst Rd., Ayr, ON N0B1E0",Ayr,226-208-7022,Yes,Yes,"Farm, Bakery",Monday to Saturday : 9am-6pm Sunday  : 10am - 5pm
Archibald Orchards & Estate Winery,https://archibaldswinery.com/,-,info@archibaldswinery.com,"6275 Liberty St. N. Bowmanville, On L1C 6L1",Bowmanville,905-263-2396,Yes,Yes,"Orchard, Winery","Friday, Saturday, Sunday  10 am – 5 pm"
Jingle Bills Christmas Tree Farm,https://www.jinglebills.ca/,https://www.instagram.com/jinglebillstreefarm,info@jinglebills.ca,"7373 Concession 1 Puslinch, ON N0B 2J0",Puslinch,519-546-4659,Yes,No,Christmas Tree Farm,Thurs-Sun: 10 AM–4 PM
Thompson Potato Farm,https://www.thompsonpotatofarm.com/,-,info@thompsonpotatofarm.com,"19228 McCowan Rd Mount Albert, ON L0G 1M0",Mount Albert,905-473-3460,Yes,No,Potato Farm,Year Round Daily
La Primavera Farm,https://www.laprimaverafarms.com/,https://www.instagram.com/la_primavera_farms,hello.laprimavera@gmail.com,"221 Middletown Road Dundas, ON  L9H 5E1",Dundas,905-536-9850,No,No,Flower Farm,-
The Farm-acy,https://thefarm-acy.com/,https://www.instagram.com/the_farmacy,contact@thefarm-acy.com,"148 Concession 6 East, Hamilton, ON L0R 1V0",Hamilton,905-689-5466,No,No,Farm,
Graham Creek Farm,https://grahamcreekfarm.com/,https://www.instagram.com/grahamcreekfarm/,hello@grahamcreekfarm.com,"3582 Morgans Rd Newcastle, ON L1B 1L9",Newcastle,416-524-4242,Yes,No,Meat Farm,MONDAY - SUNDAY 08.00 AM - 6.00 PM
Organics Family Farm,https://www.organicsfarm.ca/,http://instagram.com/organicsfamilyfarm?ref=badge,info@organicsfarm.ca,"7550 19th Ave, Markham, ON L6B 1A8",Markham,905-640-5206,Yes,No,Organics Farm,Weekdays 9am - 6pm Weekends 9am - 5pm
Reesor Farm Market,https://reesors.ca/,http://instagram.com/growingandmakinggoodfood,reesors.info@gmail.com,"10825 Ninth Line Markham, ON L6B 1A8",Markham,905-640-4568,Yes,No,Farm Market,Mon-Sat: 9am - 6:30pm (June - October)
King Cole Ducks,https://kingcoleducks.com/,https://www.instagram.com/kingcoleducks/,cconzelmann@kingcoleducks.com,"15351 Warden Avenue Stouffville, ON L4A 2V5",Stouffville,800-363-3825,Yes,No,Duck,MON – FRI 9:00am – 5:00pm SAT & SUN 9:00am – 4:00pm
Shouldice Berry Farm & Market,https://www.shouldicefarm.com/,https://www.instagram.com/shouldicefarms/,shouldiceberryfarm@bell.net,"3451 Richmond Rd Nepean, ON K2H 8G4",Nepean,613-838-2129,Yes,No,"Berry Farm, Pick YOur Own",Open 7 days a week 8am - 8pm mid June through July
Ferme l’Artisan Farm,https://www.fermelartisan.ca/,https://www.instagram.com/fermelartisanfarm,fermelartisan@gmail.com,"3932 Chemin concession 14 Fournier, Ontario K0B 1G0",Fournier,613-323-2073,Yes,Yes,Farm,Fri-Sun: 10:00 a.m.- 6:00 p.m.
Hall’s Apple Market,https://hallsapplemarket.com/,https://www.instagram.com/hallsapplemarket,info@hallsapplemarket.com,"2930 Second Concession Road, ON,  K6V5T1",Brockville,613-342-6320,Yes,Yes,Apple,Mon - Sun | 8am - 5:30pm
Vanderview Farms,https://www.vanderviewfarms.ca/,https://instagram.com/vanderviewfarms,vanderviewfarms@gmail.com,"2200 County Road 45 Norwood, ON, K0L 2V0",Norwood,705-639-5777,Yes,No,Apple,-
Hewitt’s Farm Market,http://www.hewittsfarmmarket.com/,https://www.instagram.com/hewittsfarmmarket/,hewittsfarmmarket@hotmail.com,"3331 Town Line Road Warminster, ON, L0K 1E0",Warminster,705-325-3000,Yes,Yes,"Farm Market, Bakery","Monday-Saturday, 9:00 am - 6:00 pm Sunday, 10:00 am - 5:00 pm"
South Pond Farms,http://www.southpondfarms.ca/,https://www.instagram.com/southpondhome/,danielle@southpondfarms.ca,"1020 Gray Rd Pontypool, ON L0A 1K0",Pontypool,705-772-0609,Yes,No,"Event, Venue",-
Arrowwood Farm,https://arrowwoodfarm.ca/,https://www.instagram.com/arrowwoodfarm.events,info@arrowwoodfarm.ca,"6460 Riverside Drive Melbourne, ON, N0L 1T0",Melbourne,519-289-0389,Yes,Yes,"Farm, Events, Venue",-
Mountainoak Cheese,https://mountainoakcheese.ca/,https://www.instagram.com/mountainoakcheese,office@mountainoakcheese.ca,"3165 Huron Road, New Hamburg, ON N3A 3C3",New Hamburg,519-662-4967,Yes,No,Cheese,Monday - Saturday: 9am - 5pm
Backed by Bees,https://backedbybees.com/,https://www.instagram.com/backedbybees/,info@backedbybees.com,"6214 Appleby Line Burlington, ON L7M 0P7",Burlington,905-320-6214,Yes,Yes,"Honey, Farm","Wed, Thurs & Sat: 10:00 am - 6:00 pm, Fri: 10:00 am - 8:00 pm, Sun: 10:00 am - 5:00 pm"
Heeman's,https://www.heeman.ca/,https://www.instagram.com/heemans/,daymaker@heeman.ca,"20422 Nissouri Rd, London, ON N0M 2P0",London,519-461-1416,Yes,Yes,"Berry, Pick your own, Flowers, Farm","Mon-Fri:9am - 8pm, Sat& Sun: 9am - 5pm"
Thames River Melons Ltd.,https://www.thamesrivermelons.com/,http://instagram.com/thamesrivermelons,trmelons1@execulink.com,"765875 Township Rd 5 Innerkip, ON N0J 1M0",Innerkip,519-469-3636,Yes,Yes,Farm,-
Herrle’s Country Market,https://herrles.com/,https://www.instagram.com/herrles_market/,info@herrles.com,"1243 Erb's Rd, St Agatha, ON N0B 2L0",St Agatha,519-886-7576,Yes,Yes,Farm Market,"Monday to Friday 8 to 7, Saturday 8 to 5 & Sunday 9 to 5"
Cristan Farms,-,https://www.instagram.com/cristanfarms,cow22@live.ca,"494 Winston Churchill Blvd, Oakville, ON L6J 7X2",Oakville,905-844-6757,Yes,Yes,Farm,Mon-Sun:10 AM–5 PM
Fenwood Farm,http://www.fenwoodfarm.com/,https://www.instagram.com/fenwoodfarm,store@fenwoodfarm.com,"774 Sawmill Road Ancaster, Ontario, Canada L9G 3L1",Ancaster,905-765-1479,Yes,Yes,Farm,Mon – Wed : 10am – 5pm Thurs – Friday : 10am – 6pm Saturday : 9am – 5pm
Fall Harvest Farm,https://fallharvestfarm.ca/,https://www.instagram.com/fall_harvest_farm,info@fallharvestfarm.ca,"1011 Gerber Rd, St. Agatha, ON N0B 2L0",St Agatha,226-791-7601,Yes,Yes,Pumpkin,Closed until June 2024
Matz Fruit Barn,http://www.matzfruitbarn.com/,https://www.instagram.com/matzfruitbarn/,contact@matzfruitbarn.com,"525 Norfolk County Hwy 6, Port Dover, ON N0A 1N2",Port Dover,519-583-1688,Yes,Yes,Fruit Farm,Wednesday-Monday 10-6pm 
Martin’s Sweet Farm,https://www.martinssweetfarm.com/,-,Les@MartinsSweetFarm.com,"2423 20 Side Rd Campbellville, ON L0P 1B0",Campbellville,519-820-8649,No,No,Sweet Farm,-
Zekveld’s Garden Market,https://www.zekveldgardenmarket.ca/,https://www.instagram.com/zekveldsgardenmarket/,info@zekveldgardenmarket.ca,"4622 London Line Wyoming, ON N0N 1T0",Wyoming,519-845-3482,Yes,No,"Farm, Pick Up your own",-
"Mapleton Organic Dairy, Inc.",https://www.mapletonsorganic.ca/,https://www.instagram.com/mapletonsorganic/,info@mapletonsorganic.ca,"8548 Wellington Road 7 RR#1 Moorefield, ON N0G 2K0",Moorefield,519-638-1115,Yes,No,Farm,"Friday 1-5, Saturday 10-6, Sunday 10-5"
Geissberger Farmhouse Cider,https://farmhousecider.ca/,https://www.instagram.com/farmhouse.cider/,mail@farmhousecider.ca,"5301 Langmaid Rd Hampton, ON L0B 1J0",Hampton,905-728-8674,No,Yes,Cider,-
Steckle’s Produce & Flowers,https://www.steckles.ca/,-,info@steckles.ca ,"5857 Hwy 89, RR1 Harriston, ON,N0G 1Z0",Harriston,519-338-5381 ,Yes,No,Produce & Flowers,Mon - Sat 9:00 am - 7:00 pm
Five Haystacks Farm,https://www.fivehaystacks.ca/,https://instagram.com/fivehaystacksfarm,angela@stonegateproperties.net,"9261 Twiss Rd Milton, ON L0P",Milton,905-854-2022,No,No,Farm,-
Thiessen Orchards,https://thiessenorchards.com/,https://www.instagram.com/thiessenorchards/,office@thiessenorchards.com,"400 Talbot Road East Leamington, ON,  N8H 3V6",East Leamington,519-326-5282,Yes,No,"Orchard, Pick your own",-
Delhaven Orchards Ltd.,https://www.delhavenorchards.ca/,-,delhavenorchardsltd@gmail.com,"8182 Talbot Trail, Blenheim, ON N0P 1A0",Blenheim,519-676-4475,Yes,No,Farm,"MONDAY - SATURDAY,  8:00am-5:00pm"
Pardo’s Berrie Farm,http://www.pardosberriefarm.com/,-,rpardo@mnsi.net,"7951 Talbot Trail Blenheim, ON, N0P1A0",Blenheim,519-676-2008,Yes,No,"Berrie Farm, Pick your own",Monday to Saturday 9:00am-5:00pm  Sunday 9:00am-4:00pm
Sunshine Farms,https://picklesplease.ca/,https://www.instagram.com/sunshine_farms_/,info@picklesplease.ca,"30043 Jane Road Thamesville, ON N0P 2K0",Thamesville,519-692-4416,Yes,Yes,Farm,"Mon-Sat: 9AM – 6:00PM, Sun: 9AM – 4:00PM"
Munro Honey & Meadery,https://www.munrohoney.com/,https://www.instagram.com/munrohoney/,info@munrohoney.com,"3115 River Street,, Alvinston, ON, N0N 1A0",Alvinston,529-847-5333,Yes,No,"Honey, Meadery",Mon – Fri   9:00am – 5:00pm Saturdays 10:00am – 3:00pm
Great Lakes Farms,https://www.greatlakesfarms.ca/,http://instagram.com/greatlakesfarms,info@greatlakesfarms.ca,"5111 Union Rd, Port Stanley, ON, N5L 1J2",Port Stanley,519-782-3433,Yes,No,"Farm, You pick up",10 AM – 5 PM DAILY
Clovermead Apiaries,https://clovermead.com/,https://www.instagram.com/clovermead_/,info@clovermead.com,"11302 Imperial Road Alymer, ON, N5H 2R3",Alymer,519-773-5503,Yes,Yes,"Farm, Honey",Mon-Sat: 9:00 AM - 5:00 PM
Silver Creek Nursery Inc.,https://silvercreeknursery.ca/,https://www.instagram.com/silvercreeknursery,sales@silvercreeknursery.ca,"2343 Gerber Road, Wellesley ON  N0B 2T0",Wellesley,519-804-6060,Yes,Yes,Plant nursery ,June Friday & Saturday - 9am-4pm July & August Appointment only
Bre’s Fresh Market,https://www.bresfreshmarket.ca/,https://www.instagram.com/bresfreshmarket,info@bresfreshmarket.com,"224276 Ostrander Rd. Tillsonburg, ON N4G 4H1",Tillsonburg,519-544-2737,Yes,No,"Farm, Bakery",Monday-Friday: 9:00 - 6:00 Saturday & Sunday: 9:00 - 5:00
Lincoln Line Orchards,https://lincolnlineorchards.com/,https://www.instagram.com/lincolnlineorchards/,lincolnlineorchards@gmail.com,"9764 RR 20 Smithville, ON L0R 2A0",Smithville,905-643-2205,Yes,Yes,Fruit Farm,Tuesday-Friday: 8am-6pm Saturday: 8am-5pm
Brantwood Farm,https://brantwoodfarms.com/,https://www.instagram.com/brantwoodfarms/?hl=en,info@brantwoodfarms.com,"251 Powerline Rd Brantford, ON N3T 5L8",Brantford,519-759-4383,Yes,No,"Fruit & Veggies, Strawberry picking",-
Potters Road Berries,https://pottersroadberries.wixsite.com/pottersroadberries,,nverbruggen@nor-del.com,"145476 Potters Road, Tillsonburg ON, N4G 4G7",Tillsonburg,519-842-2723,Yes,No,"Berrie Farm, Pick your own",Weekdays 8:00 am – 6:00 pm Weekends 8:00 am - 4:00 pm
The Cider Keg,https://ciderkeg.com/,https://instagram.com/cider_keg?igshid+pnw75p5afn9s,info@ciderkeg.com,"1398 Vittoria Rd., RR #1, Vittoria, ON",Vittoria,519-426-0705,No,No,Cider,-
Richardson’s Farm & Market,http://www.richardsonsfarm.com/,http://www.instagram.com/richardsonsfarmandmarket/,info@richardsonsfarm.com,"131 River Rd, Dunnville, ON N1A 2W3",Dunnville,905-774-7507,Yes,Yes,"Farm, Pick Up your own",Monday-Friday 9am-6pm; Saturday 9am-4pm
Bry-Anne Farms,https://bry-annefarms.ca/,https://www.instagram.com/bryannefarms,bry-annefarms@bellnet.ca,"471 Foss Rd, Fenwick, ON L0S 1C0",Fenwick,905-892-8999,Yes,No,"Pick-Your-Own, Farm",-
DeVries Fruit Farm,https://www.devriesfruitfarm.com/,https://www.instagram.com/devriesfruitfarm/,info@devriesfruitfarm.com,"825 Canboro Rd, Fenwick, ON L0S 1C0",Fenwick,905-892-8724,Yes,Yes,"Fruit Farm, Bakery",Monday – Friday: 8 am – 6 pm Saturday: 8 am – 5 pm
Janssens Orchards,https://janssensorchards.com/,-,info@janssensorchards.com,"699 County Rd 4, Odessa, ON K0H 2H0",Odessa,613-650-7772,Yes,Yes,Orchard,-
Circling Hawk Farm,http://www.circlinghawkfarm.com/,https://www.instagram.com/circlinghawkfarm,apiary@circlinghawkfarm.com,"13433 Leslie Street Richmond Hill, Ontario L4E 1A2",Richmond Hill,289-809-4360,Yes,Yes,"Honey, Meadery","Wed & Thurs: 1 PM to 5 PM, Fri & Sat:10 AM to 5 PM, Sun: 11 AM to 4 PM"
Dixie Orchards,http://www.dixieorchards.com/,https://www.instagram.com/dixie_orchards/,paul@dixieorchards.com,"14309 Dixie Road, Inglewood, Ontario L7C 2M8",Inglewood,905-838-5888,Yes,No,"Orchard, Pick your own",Reopening August 2024
Spirit Tree Estate Cidery,https://spirittreecider.com/,https://www.instagram.com/spirittreecider,thomas@spirittreecider.com,"1137 Boston Mills Road, Caledon, ON L7C 0N1",Caledon,905-838-2530,Yes,Yes,"Cidery, Bakery, and Farm Shop","Thurs & Sun: 10 AM to 5 PM, Fri & Sat: 10 AM to 9 PM"
Dorisdale Farm,https://www.dorisdale.ca/,https://www.instagram.com/Dorisdale_Farm,cpdoris@nexicom.net,"2612 County Road 2 Keene, ON, K9J 6X8",Keene,705-295-2755,Yes,Yes,Farm,"9am to 7pm in Sweet Corn Season, 9am to 6pm in Pumpkin Season"
Thatcher Farms,https://thatcher-farms.com/,https://www.instagram.com/thatcher_farms/?hl=en,buylocal@thatcher-farms.com,"5727 5th Line, Guelph/Eramosa, ON N0B 2K0",Guelph/Eramosa,519-856-4073,Yes,No,Cattle farm,-
WheelBarrow Orchard,https://www.frasersbeveragecompany.com/,-,heather@harvestgoodies.com,"8277 10th Sideroad, RR #3, Milton, Ontario",Milton,905-878-7070,Yes,Yes,"Orchard, Pick your own",-
Chudleigh’s Apple Farm,https://www.chudleighs.com/,https://www.instagram.com/chudleighsdesserts/,customercare@chudleighs.farm,"9528 Regional Road 25 Halton Hills, ON, L9T 2X7",Halton Hills,905 878 2725,Yes,Yes,Farm,THE FARM IS OPEN EVERYDAY INCLUDING HOLIDAYS.
Coopers CSA Farm & Maze,https://www.coopersfarm.ca/,https://www.instagram.com/coopscsafarm,steve-lisacooper@coopersfarm.ca,"266 Ashworth Rd, Zephyr, ON L0E 1T0",Zephyr,905-830-4521,Yes,No,"Farm & Maze, You pick","Thursdays & Fridays 10:00am-6:00pm, Saturdays & Sundays 10:00am - 5:00pm"
Indian River Acres,-,https://www.instagram.com/indianriveracres,indianriveracres@gmail.com,"2275 Indian River Line, Indian River, ON K0L 2B0",Indian River,705-295-4272,No,No,Farm,-
Algoma Orchards Ltd.,https://www.algomaorchards.com/,https://www.instagram.com/algomaorchards1964,info@algomaorchards.com,"201 Regional Rd 42 Newcastle, ON, CA L1B 0T9",Newcastle,905-987-4961,Yes,No,Orchard,Mon-Sun:9AM-5PM
Wilmot Orchards,https://www.wilmotblueberries.com/,https://www.instagram.com/wilmotorchards,info@wilmotblueberries.com,"3337 Concession Rd 3, Newcastle, ON L1B 0N1",Newcastle,905-987-5279,Yes,Yes,PickYourOwn Blueberries & Dessert Cafe,"Wednesday – Friday: 9 am – 7:30 pm, Saturday & Sunday: 9 am – 4:30 pm"
19th Ave. Farmers’ Market,https://www.wethefresh.ca/19th-avenue-farmers-market,https://www.instagram.com/19thavenuefarmersmarket,farmersmarket@toptomatofoods.ca,"2931 19th Ave, Markham, ON L6C 1L7",Markham,905-887-8954 Ext 2,Yes,No,Farmers' market,"Mon-Sat:9-5, Sun:9-4"
Niemi Family Farm,https://niemifamilyfarm.ca/,https://www.instagram.com/niemi_family_farm/,niemifamilyfarm@gmail.com,18463 Ontario 48 East Gwillimbury ON L0G 1M0,East Gwillimbury,289-716-4586,Yes,No,"Farm, Farmer's market, Camp",-
Nature’s Bounty Farm,https://www.naturesbountyfarm.com/,https://www.instagram.com/natures_bounty_farm,info.naturesbountyfarm@gmail.com,"​​651 Scugog Line 2 Port Perry, ON, L9L 1B3",Port Perry,905-985-2096,Yes,No,"Farm, Pick Up your own",Closed for the Season
Fermanagh Farm,https://fermanaghfarms.com/,https://www.instagram.com/fermanaghfarms/,info@fermanaghfarms.com,"4023 3rd Line, Tottenham, ON",Tottenham,647-773-2007,Yes,No,Farm,Always open
Mistyglen Creamery,http://www.mistyglencreamery.com/,https://www.instagram.com/mistyglencreamery,info@mistyglencreamery.com,"47008 Yorke Line, Belmont, ON",Belmont,519-872-6455,Yes,Yes,Farm & Milk,Tuesday 10am-5pm Wednesday 10am-5pm Thursday 10am-5pm Friday 10am-6pm Saturday 9am-5pm
Applewood Farms,https://applewoodfarm.ca/,https://www.instagram.com/applewoodfarmstouffville/,info@applewoodfarm.ca,"12416 McCowan Road, Stouffville, Ontario,",Stouffville,905-640-5357,Yes,No,Farm,-
New Hope Apiary,https://newhopeapiary.square.site/,https://www.instagram.com/newhopeapiary,newhopeapiarist@gmail.com," 6079 First Line, Orton, Ontario",Orton,519-830-5530,Yes,Yes,Farm & Honey,-
Pringles Farm Market,https://pinglesfarmmarket.com/,https://instagram.com/pinglesfarm?igshid=1i6rxn9xwgqss,info@pinglesfarmmarket.com,"1805 Taunton Road East, Hampton, Ontario",Hampton,-,Yes,Yes,Farm Market,"EverydaySatur ay & Sunday, 9:30am – 6pm"
Elfsong Apiaries,http://www3.sympatico.ca/elfsong,-,thinkelfsong@gmail.com,"Box 816,, Tweed, Ontario,",Tweed,613-885-2501,Yes,No,Farm,-
Blueberry Knoll Berry Farm,https://www.blueberryknoll.com/,https://instagram.com/blueberryknollberryfarm,bbknoll@hotmail.com,"1091 Hutchinson Road, RR 1, Lowbanks, Ontario",Lowbanks,905-658-6295,Yes,Yes,Farm, Mon- Sat 8-4 
"OMAFRA, Program Lead",http://www.omaf.gov.on.ca/,https://www.instagram.com/p/CpNr06_u1oj/,jessica.m.kelly@ontario.ca,"6484 Wellington Rd. 7, Unit 10, Elora, Ontario,",Elora,519-846-3404,Yes,No,Farm,-
Nicholyn Farms,http://www.countrymarkets.ca/,https://www.instagram.com/nicholynfarms/,lynda@nicholyn.com,"3088 Horseshoe Valley Rd. W. RR 2, Phelpston, Ontario",Phelpston,705-737-4498,Yes,No,Farm,-
Plaid Shirt Farms Ltd.,https://plaidshirtfarms.com/,https://www.instagram.com/plaidshirtfarms/,info@plaidshirtfarms.com,"225804 Otterville Road, Otterville, Ontario",Otterville,519-719-9458,Yes,Yes,Farm,-
Vandermeer Nursery,https://www.vandermeernursery.com/,https://www.instagram.com/vandermeernursery/,landscape@vandermeernursery.com," 588 Lakeridge Road South, Ajax, Ontario",Ajax,905-427-2525,Yes,Yes,Farm,Monday to Sunday - 8am to 9pm
Wholesome Pickins Ltd.,https://wholesomepickins.ca/,https://www.instagram.com/wholesomepickins/,info@wholesomepickins.ca," 500 Church Street East, Delhi, Ontario",Delhi,519-427-3508,Yes,Yes,Farm,"Monday Saturday 9-6, Sunday 10-5 "
Van Dorp Farms,-,-,mjvandorp@hotmail.com,"3260 County Road 28, RR 2, Port Hope, Ontario",Port Hope,905-373-2425,Yes,No,Farm,8am-7pm daily
VG Meats,https://vgmeats.ca/,https://www.instagram.com/vgmeats/,info@vgmeats.ca,"966 Concession 6 Woodhous Rd., Simcoe, Ontario",Simcoe,519-426-2000,Yes,Yes, Farm & Meats,Mon – 9:00am – 5:00pm Tues to Fri – 8:00am – 5:30pm Sat –8:00am – 5:00pm
Lake Land Meats & Farm Market,https://www.lakelandmeats.com/,https://www.instagram.com/explore/locations/326920117/lake-land-meats-farm-market/,lakelandmeats@bellnet.ca,"1226 St. Paul St. West, St. Catharines, Ontario",St. Catharines,905-688-4570,Yes,Yes,Meats & Farm,Tuesday 11:00 AM - 5:00 PM Wednesday 11:00 AM - 5:00 PM Thursday 11:00 AM - 5:00 PM Friday 11:00 AM - 5:00 PM Saturday 11:00 AM - 4:00 PM
Warner Farms,https://www.warnersfarm.ca/,https://www.instagram.com/warnersfarm/?hl=en,twarner@vaxxine.com," 4045 John St., Beamsville, Ontario",Beamsville,905-562-5637,Yes,No,Farm,-
Watson Farms,https://watsonfarms.ca/,https://www.instagram.com/watsonfarms,info@watsonfarms.ca," 2287 Hwy #2, Bowmanville, Ontario",Bowmanville,905-623-9109,Yes,Yes,Farm,Daily 9:00am - 7:00pm
Whitty Farms & 13th St. Winery,https://13thstreetwinery.com/,https://www.instagram.com/_u/13thstreetwinery/?utm_source=ig_embed&ig_rid=14d75b30-8374-42c6-8e9e-51be1c66c774&ig_mid=F360D081-56BE-4411-8077-0C4895EECDEA,karen@13thstreetwinery.com,"1776 Fourth Ave., St. Catharines, Ontario",Catharines,905-684-9593,Yes,Yes,Farm & Winery,Mon-Wed & Sat: 11:30am to 5pm Thurs & Fri:  1:30am to 7:30pm Saturday: 12pm to 4pm
Williams’ Orchard,https://www.williamsorchards.ca/,http://instagram.com/williamsorchardsmilton,williamsorchard@gmail.com,"10101 Hume Ct., SS 102, Milton, Ontario",Milton,905-876-4220,Yes,No,Farm,-
Stroud Farms,https://www.stroudfarms.ca/contactus.html,https://www.instagram.com/explore/locations/107062424971377/stroud-farms/,stroudfarms@rogers.com,"786 Taunton Rd. E., Ajax, Ontario,",Ajax,"905-427-6603",Yes,No,Farm,9:00 a.m. - 6:00 p.m. 7 days a week.
Thiessen Farms,https://thiessenfarms.com/,https://www.instagram.com/thiessenfarms/,thefarm@thiessenfarms.com,"4132 15th St., Jordan Station, Ontario",Jordan Station,905-562-4372,Yes,No,Farm,-
Thompson’s Orchards,https://www.thompsonsorchards.ca/,https://www.instagram.com/thompsonsorchards/?hl=en,dappleman@ciaccess.com," 19863 Charing Cross Rd., Blenheim, Ontario",Blenheim,519-358–6347,Yes,No,Farm,Monday–Saturday: 9:00am to 5:00pm
Korny Korners Farm,https://kornykornersfarm.ca/,https://www.instagram.com/kornykornersfarm,roger@kornykornersfarm.ca,"6193 Blackwell Sd. Rd., Sarnia, Ontario",Sarnia,519-542-5232,Yes,No,Farm,-
Tigchelaar Berry Farms,https://tigchelaarberries.com/,https://www.instagram.com/tigchelaarberryfarm/?hl=en,dan@tigchelaarberries.com,"4151 Jordan Road, Jordan, Ontario",Jordan,905-658-2265,Yes,No,Farm,Monday to Friday 8:00am - 7:00pm Saturday & holidays 8:00am - 5:00pm
Pefferlaw Creek Farms,https://www.pcfarms.ca/,https://www.instagram.com/pc.farms/?ref=badge,john.tomory@pcfarms.ca," 12300 Conc. 6, Uxbridge, Ontario",Uxbridge,289-221-5265,Yes,Yes,Farm,Saturday and Sunday from 10am to 3pm
Traynor Farms,https://traynorfarms.ca/,https://www.instagram.com/traynorfarms/,info@traynorfarms.ca,"2193 County Road 2 Peterborough, Ontario",Peterborough,705-876-0044,Yes,Yes,Farm,Friday and Saturday 12-4
Stonehaven Farms,http://www.stonehavenfarms.com/,https://www.instagram.com/stonehaven_farms_/,heidi@stonehavenfarms.com,"7388 Guelph Line, R.R. #3, Campbellville, Ontario",Campbellville,905-878-1870,Yes,No,Farm,-
Vail’s Orchards,https://www.facebook.com/profile.php?id=100027868554033,https://www.instagram.com/vailsorchard/,bpvail@rogers.com,"205790 Hwy. 26, RR 1, Meaford, Ontario",Meaford,519-538-4474,Yes,No,Farm ,Monday - Sunday 9:00 AM - 6:00 PM
Snyder’s Farm & Market,http://www.snydersfamilyfarm.com/,-,info@snydersfamilyfarm.com," 936685 Blenheim Road, Bright, Ontario",Bright,519-632-7356,Yes,No,Farm & Market,-
Sun Valley Farms,http://www.sunvalleyfarms.ca/,https://www.instagram.com/sunvalleyfarmsniagara/,sunvalleyfarmsniagara@gmail.com,"1186 Highway 8, Winona, Ontario",Winona,289-237-3893,Yes,No,Farm,-
Staite’s Honey,https://www.staites-honey.com/,https://www.instagram.com/staiteshoney/,staiteshoney@live.com,"244 Ashworth Rd., Zephyr, Ontario",Zephyr,905-473-3401,Yes,Yes,Farm,-
Stanleys Olde Maple Lane Farm,https://stanleysfarm.com/,https://www.instagram.com/explore/locations/295843044180612/steckles-produce-flowers/,operations@stanleysfarm.com," 2452 Yorks Corners Rd., Edwards, Ontario",Edwards,613-821-2751,Yes,Yes,Farm,"Monday to Friday: 10am - 4pm"
Ackroyd's Honey Inc,https://ackroydshoney.com/,-,hello@ackroydshoney.com,"3649 Bruce Rd 10 Tara, ON N0H 2N0",Tara,519-934-0006,No,Yes,Honey,-
Acorn Creek Garden Farm,http://acorncreek.ca/,-,terauds@acorncreek.ca,"928 Oak Creek Rd. Carp, ON K0A 1L0",Carp,613-836-2613,Yes,Yes,Farm,Monday - Friday Monday 9:00 AM - 12:00 PM; 2:00 PM - 6:00 PM
AE Natural Meats,https://www.aenaturalmeats.com/,https://www.instagram.com/aenaturalmeats/,office@aenaturalmeats.com,"19619 McCowan Rd, Mount Albert, ON L0G1M0",Mount Albert,905-955-5749,Yes,No,Farm,Mon - Fri 9:00 am – 4:30 pm; Saturday 9:00 am – 5:00 pm; Sunday 3:30 pm - 5:00 pm
Algonquin Greens,-,-,rockcunning@gmail.com,"2031 Forest Lake Road, Sundridge ON P0A 1Z0",Sundridge,705-384-2490,Yes,No,Farm,-
"Ann Slater, Fresh Organic Vegetables",https://annslaterorganics.com/,-,aslater@quadro.net,"157030 15th Line , St. Marys, ON, Ontario",Ontario,519-349-2448,Yes,No,Farm,Saturdays 8:00am until 12:00pm
Arc Acres,https://arcacres.ca/,https://www.instagram.com/arc_acres/,arcacres@gmail.com,"1538 Manotick Station Road Greely, Ontario K4P 1K4",Greely,647-612-3889,Yes,No,Farm,-
Avonmore Berry Farm,https://avonmoreberryfarm.com/,https://www.instagram.com/avonmoreberryfarm/,pam@avonmoreberryfarm.com,"16365 Fourth Road Avonmore, ON K0C 1C0",Avonmore,613-346-2336,Yes,No,Berry Farm,Open Daily: Mid June to October 31st 9am–5pm
Barkley Apple Orchard,https://www.barkleysappleorchard.com/,-,billb.otr@gmail.com,"5179 Smiths Road Morrisburg, ON K0C 1X0",Morrisburg,613-543-0491,Yes,Yes,Fruit Farm,-
Bata Maples Sugarbush,https://batamaples.com/,https://www.instagram.com/batamaplessugarbush/,batamaples@gmail.com,"254 Bata Road Frankford, ON K0K2C0",Frankford,343-645-6405,Yes,Yes,Maple Farm,-
BearBrook Game Meats Inc.,https://www.farmersmarketsontario.com/view-farmer/?farmer_id=bearbrook_game_meats_inc,https://www.instagram.com/bearbrook_game_meats/,info@bearbrookfarm.com,"5396 Dunning Rd , Ottawa, ON",Ottawa, 613-835-2227,Yes,Yes,"Farm, Meats",Monday- Sunday 9:00 AM - 5:00 PM
Bella Hill Maple Syrup,https://www.farmersmarketsontario.com/view-farmer/?farmer_id=bella_hill_maple_syrup,https://www.instagram.com/explore/locations/436113996424196/bella-hill-maple-syrup/,bellahillmaple@gmail.com,"47 Bella Hill Road, POWASSAN, ON P0H 1Z0",POWASSAN,705-724-3647,Yes,Yes,Maeple Farm,-
Blanbrook Bison Farm,https://www.blanbrookbison.ca/,https://www.instagram.com/explore/tags/blanbrookbisonfarm/,blanbrook@quadro.net,"5679 Line 4 RR 6, St. Marys, ON N4X 1C8",St. Marys,	519-229-6316,Yes,Yes,Bison Farm,-
"Blue Shoes Honey",http://blueshoeshoney.ca/,https://www.instagram.com/blueshoeshoneyottawa,brianwlacey@gmail.com,"1915 County Road 2,Curran, ON K0B 1C0",Curran,	613-443-2101,Yes,No,Honey Farm, Sunday from 10:00am– 3:00pm
"Board's Honey Farm",http://boardshoneyfarm.com/,https://www.instagram.com/boards_honey_farm,info@boardshoneyfarm.com,"RR#1 Nipissing,6866 Hwy 534 Restoule, ON P0H 1W0",Restoule,705-729-2939,Yes,Yes,Honey Farm,Open 10-5pm daily.
"Bry-Anne Farms",http://bry-annefarms.ca/,https://www.instagram.com/bryannefarms/,	bryannefarms@gmail.com,"471 Foss Road, RR#5 Fenwick, ON L0S 1C0",Fenwick,905-892-8999,Yes,No,Farm,Monday 11:00 AM - 6:00 PM Tuesday 11:00 AM - 6:00 PM Wednesday 11:00 AM - 6:00 PM Thursday 11:00 AM - 6:00 PM Friday 11:00 AM - 6:00 PM Saturday 11:00 AM - 6:00 PM Sunday 1:00 PM - 6:00 PM
Burrell Farm,https://burrellfarm.bigcartel.com/,https://www.instagram.com/burrellfarm/,	dainburrell@gmail.com,"30 Dianne Ave, Rockland, ON K4K 1G8",Rockland,613-608-4061,Yes,No,Farm,-
Buzzz Honey Product,http://buzzzhoney.com/,https://www.instagram.com/buzzzhoney/,info@buzzzhoney.com,"1941 County Rd. 2,Curran, ON K0B 1C0",Curran,613-314-0443,Yes,Yes,"Honey Product, Skin Care",-
Carrot Top Organic,https://www.carrottoporganics.ca/,https://www.instagram.com/carrottoporganics/,jb.joshblank@gmail.com,"1928 Asphodel 6th Line, Hastings, ON K0L1Y0",Hastings,647-835-6422,Yes,Yes,"Carrot, Organic Vegetabes",Open Daiy 9am- 5pm
"Castor River Farm",-,-,castorriverfarm@gmail.com,"1402 N Outer Road Suite E, Dexter, MO",Dexter,73-614-5810,Yes,Yes,Farm,Always open
"Cedar Grove Organic Farm",https://cgfarm.ca/,https://www.instagram.com/cedargroveorganicfarm/,scottking123@gmail.com,"625 Shamrock Rd, Omemee, Ontario K0L2W0",Omemee,289-888-2395,Yes,No,Orgnic Farm,Always open
"Cedar Hedge Farm",https://www.farmersmarketsontario.com/view-farmer/www.cedarhedgefarm.ca,-,chris@cedarhedgefarm.ca,"7612 Country Road 28 Campbellcroft (Port Hope), ON L0A1B0",Campbellcroft ,905-375-9488,Yes,No,Farm,-
"Cedar Run Farm",https://www.cedarrunfarm.ca/,http://www.instagram.com/cedar.run.farm,deanna@cedarrunfarm.ca,"6464 6th Concession. Prescott, ON K0E1T0",Prescott,161-3213-2190,Yes,Yes,"Farm, Range Chicken & Pies ",-
"Charlen Farm",-,-,	charlen@promail.lks.net,-,-,	613-475-4017,Yes,No,Farm,-
"Chick-a-biddy Acres",http://chickabiddyacres.com/,https://www.instagram.com/chickabiddy_acres/,chickabiddyacres@gmail.com,"Hastings, Ontario",Hastings,705-696-3506,Yes,No,Farm,-
"Circle Organic",http://circleorganic.ca/,https://www.instagram.com/circleorganic/,farm@circleorganic.ca,"338 County Rd 10., Millbrook ON L0A1G0",Millbrook ,705-932-9888,Yes,No,Orgnic Farm,Daily 10:00-1:00PM
"Creation Farms",https://www.creationfarms.ca/,https://www.instagram.com/creationfarmsontario,CreationFarmsON@gmail.com,"200 Doug Duncan Drive, Newmarket, ON L3Y 3Y9",Newmarket,-,Yes,Yes,Farm,Monday- Sunday 8am-5pm
Dave's Beef & Lamb,https://www.farmersmarketsontario.com/view-farmer/?farmer_id=daves_beef__lamb,-,dmdekay@isp.ca,"11191 Lamont Drive, R.R.#4, Komoka, ON N0L1R0",Komoka,519-666-0626,Yes,No,Beef & Lamb,-
"Dehaan Family Farms",http://dehaanfamilyfarms.com/,https://www.instagram.com/dehaanfamilyfarms/,dehaanfamilyfarms@gmail.com,"575 Golf Course Road, Powassan, ON P0H1Z0",Powassan,705-724-3983,Yes,No,Farm & Dairy,Wednesday-Saturday 9:00 AM - 5:00 PM
"Den Besten Rainbow Trout Farm",htttps://denbestentroutfarm.ca,https://www.instagram.com/wilhelminadenbesten/?e=03610717-9dfb-4bf0-91d6-4efde28b17b6&g=5,	hmdenbesten@hotmail.com,"244, 11th Concession Rd, Langton, ON N0E1G0",Langton, 519-875-2782,Yes,Yes,Trout Farm,Monday- Saturday 9:00 a.m.- 6:00 p.m
"DEWEE EVER-VEG",https://www.farmersmarketsontario.com/view-farmer/?farmer_id=dewee_ever_veg,-,Dvsnell@hotmail.com,"809 Lalande Rd , Sturgeon Falls, ON",Sturgeon Falls,705-358-6449,Yes,Yes,Farm,Thursday between 4pm to 6pm
Donagh Farm Ltd.,https://lzf.pfg.mybluehost.me/,-,donaghfarm@gmail.com,"3001 Rushmore Rd, Richmond, ON K0A 2Z0",Richmond,613-879-9486,Yes,Yes,Farm,"Monday, Tuesday, Wedneday, Thursday,Friday, Saturday 9am-6pm, & Sunday 9am to 7pm"
Earth and Soul Gardens,https://www.facebook.com/earthandsoul1,-,northbayone@gmail.com,"49 Johnson Road,Corbeil ON",Corbeil ,705-498-7340,Yes,No,Farm,Monday to Saturday 9:00 AM - 5:00 PM
Erie Bloom,https://www.farmersmarketsontario.com/view-market/?market_id=st_catharines_farmers_market,-,Erica.e@live.ca,"2649 Bertie St	Ridgeway, On",Ridgeway,289-788-2346,Yes,No,Farm,-
"Fair Sun Farm",https://www.fairsunfarm.ca/,https://www.instagram.com/fairsunfarm/,contact@fairsunfarm.ca,"3015 County Road 21, Spencerville, ON K0E 1X0",Spencerville,613-914-5572,Yes,Yes,"Farm, Flowers",-
"Fekete Produce Farm",https://www.facebook.com/FeketesProduceFarm/,-,mrsfarmerfekete@gmail.com,"32 Tenth Concession Rd , Burford, ON",Burford,519-449-1663,Yes,No,Farm,-
Fiddlehead Farm,http://fiddlehead-farm.ca/,http://instagram.com/fiddleheadfarmpec,heather@fiddlehead-farm.ca,"978 Fish Lake Road,Demorestville,ON",Demorestville,-,Yes,Yes,Farm,-
Field Sparrow Farms,http://fieldsparrowfarms.ca/,https://www.instagram.com/fieldsparrowfarms,henry@fieldsparrowfarms.ca,"127 County Rd. 36, Bobcaygeon, ON",Bobcaygeon,705-341-6007,Yes,Yes,Livestock Farm,Open Daily
"Fisher's Field",http://fishersfield.ca/,https://www.instagram.com/fishersgarlic/,robbmcintosh@outlook.com,"954 Sandy Hook Road, Kawartha Lakes, ON",Kawartha Lakes,416-809-6215,Yes,Yes,Farm,Saturday10:00 AM - 5:00 PM
"Foragers farms",http://foragersfarms.ca/,https://www.instagram.com/foragersfarms,Foragersfarms@gmail.com,"3533 Rowe Rd.,Cobourg, ON K9A 4J7",Cobourg,	905-999-3243,Yes,Yes,Farm,Tuesdays or Fridays2pm-6
"Forest Hill Orchard",https://www.farmersmarketsontario.com/farmer/forest-hill-orchard/,-,fmo@farmersmarketsontario.com,"5577 Aberarder Line, Plympton-Wyoming",Plympton-Wyoming,519-899-2595,Yes,No,"Fruits, Farm",-
"Forty Mile Creek Farm",https://www.fortymilecreekfarm.com/,-,admin@fortymilecreekfarm.com,"145 Elm Tree Rd. W, Grimsby, ON L3M 4E7",Grimsby,905-945-0809,Yes,No,Farm,Thursday from 3 - 7pm.
"Frisa Farms",https://www.facebook.com/FrisaFarms/,https://www.instagram.com/frisafarms/,frisa.farms@execulink.com,"30130 Centre Rd, Strathroy, ON",Strathroy, 519-232-4478,Yes,No,Livestock Farm,-
Gareau Family Farm,https://www.facebook.com/Gareaufamilyfarm/,https://www.instagram.com/gareau84_air/,gareaufamilyfarm@gmail.com,"hwy64, Verner, ON, ",Verner,613-222-9086,Yes,No,Farmers Market,-
"Garland Sugar Shack",http://garlandsugarshack.ca/,https://www.instagram.com/explore/locations/1018022595/garland-sugar-shack/,garlandsugarshack@gmail.com,"5930 Garlandside Rd. Cumberland, ON K4B 1S9",Cumberland,613-835-3362,Yes,Yes,Sugar & Maple Farm,Always open
"Gingrich Family Farm",https://gingerich.com/,https://www.instagram.com/explore/tags/gingrichfamilyfarm/,info@gingerich.com,"PO Box 910 Canby, OR 97013",Canby,226-231-8841,Yes,Yes,Farm,-
"Godelie Family Farm",https://www.farmersmarketsontario.com/view-farmer/?farmer_id=godelie_family_farm,https://www.instagram.com/godeliefamilyfarm/,garygodelie@execulink.com,"225754 Otterville Road , Norwich, ON",Norwich,519-410-0831,Yes,No,"Farm, Christmas Tree","Thursday & Friday 3pm-6pm, Saturday 10am-5pm, Sunday 10am-4pm"
"Golokal Microgreens",https://golokalmicrogreens.ca/,https://www.instagram.com/golokalmicrogreens/,golokalmicrogreens@gmail.com,"2984 County Road 15 Avonmore, Ontario",Avonmore,365-601-8458,Yes,Yes,Microgreens,Thursday to Saturday from 9-5
"Gordz Hot Sauce",http://gordzhotsauce.com/,https://www.instagram.com/gordz_hot_sauce/,gordzhotsauce@gmail.com,"1375 Hwy 34,Dalkeith,ON",Dalkeith,250-489-9872,Yes,Yes,Hot Sauce,Monday- Sunday8:00 AM - 8:00 PM
Graham Acres,https://www.graham-acres.com/,https://www.instagram.com/life_with_linz/,order@graham-acres.com,"386 N 4295 , Pryor, OK",Pryor,918-698-0743,Yes,Yes,Livestock Farm,-
"Granite Ridge Farm",https://www.graniteridgefarms.com/,https://www.instagram.com/graniteridgefarmwi/,graniteridge@mail.com,"238226 Chico Rd (Old Address is 7200 N 57th St), Wausau, WI,",Wausau,705-492-1895,Yes,No,Livestock Farm,Saturday9:00 AM - 1:00 PM
"Greystead Gardens",https://greystead-gardens.business.site/,-,greysteadgardens@gmail.com,"Kilworth Heights, ON,",Kilworth Heights,519-872-6096,Yes,Yes,Garden Farm,8am to 1pm
"Grumpy's Greens",http://grumpysgreens.com/,https://www.instagram.com/grumpysgreens/,grumpysgreens@gmail.com,"ST CATHARINES, ON",ST CATHARINES,-,Yes,No,Farm,-
"Gunn's Hill Artisan Cheese",https://gunnshillcheese.ca/,https://www.instagram.com/gunnshillartisancheese/?hl=en,shep@gunnshillcheese.ca,"445172 Gunns Hill Rd, Woodstock, ON N4S 7V8",Woodstock,519-424-4024,Yes,Yes,Artiasan Cheese,Monday-Saturday: 9am-5pm
Gypsy Family Farm,https://www.facebook.com/groups/gypsyfamilyfarm,-,gypsyfamilyfarm@ontera.net,"1065 Union Road, RR#1	Evansville,On",Evansville,705-282-6255,Yes,No,Farm,-
"H & H Lacroix",https://www.farmersmarketsontario.com/farmer/h-h-lacroix/,-,hervelacroix1956@hotmail.com,"5138 Frank Kenny Road	Vars, On",Vars,613-835-3545,Yes,No,Farm,-
Harmony Farm,https://harmonyfarm.ca/,https://instagram.com/harmony_farming?igshid=YmMyMTA2M2Y=,farmingharmony@gmail.com,"7940 Seeker Rd,Elizabethtown, ON K6V 5T2",Elizabethtown,613-866-6645,Yes,Yes,Farm,Always open
Heart City Farm,https://www.heartcity.farm/,https://www.instagram.com/heartcity.farm,info@heartcity.farm,"4642 Ridge Rd,Ramsayville, ON,K0A 2Y0",Ramsayville,613-716-7661,Yes,Yes,Flower Farm,-
Heartee Foods,https://hearteefoods.com/,https://www.instagram.com/hearteefoods/,jon@hearteefoods.com,"105 Schneider Road, unit 117, Kanata, Ontario",Kanata,613-315-0277,Yes,No,Mushroom,-
Heartee Foods Toronto,https://hearteefoods.com/,https://www.instagram.com/hearteefoods/,alecmartin@hearteefoods.com,"123 Garratt Blvd, Toronto",Toronto,647-761-2532,Yes,No,Mushroom,-
Hello Farm,https://hellofarm.ca/,https://www.instagram.com/hellofarmorganicallygrown/,hellofarmorganics@gmail.com,"2126 County Road 46, Havelock, Ontario",Havelock,249-353-4965,Yes,No,Organic Farm,-
Honey Producer,-,-,sbryans1@cogeco.ca,"2691 Foxmeadow Rd Peterborough, ON K9L 0A8",Peterborough,705-742-4533,Yes,No,Honey,-
Ingleside Tomatoes,-,-,michelleconduah@gmail.com,"14444 Dafoe Road, Ingleside",Ingleside,613-537-8250,Yes,No,Tomatoes,-
Jardins Bergeron Gardens,https://jardinsbergerongardens.ca/,https://www.instagram.com/bergerongardens/,bergeron.gardens@gmail.com,"2510 White Street Navan, ON, ON K4B 1H9",Navan,613-797-2941,Yes,No,Garden Farm,7 days/week 9am-5pm
Jardins FC Drouin Gardens,-,-,f.c.drouin@bell.net,"1226 Concession 10, Curran, Pendleton, ON, Canada, Ontario",Curran,613-978-3094,Yes,No,Garden Farm,Open daily 9:00am- 5:00pm
Just Farms,-,-,justfarms@xplornet.com,"359 Main Street , North Glengarry, ON, Ontario",North Glengary,613-551-8113,Yes,No,Farm,Monday-Friday 9-4 and Saturday 8-2 
Kawartha Lakes Flower Farm,-,-,mmotyer200@yahoo.ca,"872 Tindle Bay Road, Selwyn",Selwyn,705-740-4132,Yes,No,Flower Farm,-
"Kelly's Gourmet Mushrooms/The Fungi Connection",https://www.thefungiconnection.com/,https://www.instagram.com/thefungiconnection,deb@kellysgourmetmushrooms.ca,"1435 Kendal Ave,Kingston, ON K7P 0L6",Kingston,613-532-6025,Yes,Yes,Mushroom Farm,Always open
Kitley Beef Farm,https://kitleybeef.ca/,https://www.instagram.com/kitleybeeffarm/,rudyhaveman@gmail.com,"422 Kiltey Line 3, Toledo, Ontario",Toledo,613-275-0402,Yes,No,Beef Farm,Always open
Windmill Ridge Acres,https://www.windmillridge.ca/,https://www.instagram.com/windmillridgeacres,info@windmillridge.ca,"1040 Ridge Rd, Harrow, ON N0R 1G0",Harrow,519-791-6536,Yes,No,Orchards,Friday - Saturday 9am-7pm
Leahy Stock Farm,http://www.leahystockfarmlocalfood.ca/,https://www.instagram.com/leahysfarmandmarket/?hl=en,bern.leahy@gmail.com,"Douro, ON",Douro,	705-927-2946,Yes,Yes,Livestock Farm,Saturday 8am to 1pm
Les Fruits du Poirier,https://www.lesfruitsdupoirier.com/,-,lesfruitsdupoirier@ropoirier.com,"2535 Concession Rd 3, St-Eugène, ON K0B 1P0",St-Eugène,514-792-3599,Yes,Yes,"Fruits, Farm",Friday from 8:00 a.m. to 7:00 p.m.; Saturday from 8:00 a.m. to 7:00 p.m.; Sunday from 9:00 a.m. to 5:00 p.m.
Linda's Garden,https://www.lindagardenandwreaths.com/,-,lindagardenandwreaths@gmail.com,"3690 Marcil Road, Prescott, ON, Canada, Ontario",Prescott,613-276-7980,Yes,Yes,Farm,Monday8:00 AM - 11:00 AM 12:00 PM - 1:00 PM; Tuesday 9:00 AM - 5:00 PM 6:00 PM - 7:00 PM; Wednesday 9:00 AM - 5:00 PM 6:00 PM - 7:00 PM; Thursday 9:00 AM - 5:00 PM 6:00 PM - 7:00 PM; Friday 9:00 AM - 5:00 PM 6:00 PM - 7:00 PM; Saturday 9:00 AM - 5:00 PM 6:00 PM - 7:00 PM; Sunday 9:00 AM - 5:00 PM 6:00 PM - 7:00 PM
Lipsitt Orchards,https://www.lipsittorchards.com/,,lipsittfarms@gmail.com,"446 Kemp Rd W, Grimsby, ON L3M 4E7",Grimsby,905-945-4227,Yes,No,"Orchards, Vineyard",Open daily 9:00am-6;30pm
Log House,-,-,gknox@uottawa.ca,"7383 Fourth Line Road, Box255, North Gower",North Gower,613-489-3675,,,Farm,-
Lytle's Organic Vegetables,-,https://www.instagram.com/lytlesorganicvegetables/,lytlesorganicveggies@gmail.com,"5135 Upper Dwyer Hill road , Arnprior, ON, Ontario",Arnprior,613-790-0037,Yes,No,Farm,-
Madrigal Farm,https://www.ptboregionalfarmersmarket.org/madrigal-gardens,https://www.instagram.com/madrigal.gardens,madrigal.gardens@gmail.com,"1390 David fife Line Keene, ON K0L 2G0",Keene,705 957-6235,Yes,Yes,Farm,-
Matthews Maple Syrup,https://matthewsmaple.com/,-,dave@matthewsmaple.com,"239 Ski Hill Road Powassan, ON P0H 1Z0",Powassan,705-724-3427,Yes,No,Maple Farm,Open Daily 9am-5pm 
McGregor's Produce,https://mcgregorsproduce.com/,https://www.instagram.com/mcgregorsproduce/,mcgregorsproduce@gmail.com,"351 Lochwinnoch Road, Braeside, Ontario",Braeside,613-432-9726,Yes,No,Farm,-
McLean Berry Farm,https://mcleanberryfarm.com/,https://www.instagram.com/mcleanberryfarm/,news@mcleanberryfarm.com,"2191 16th line of Smith, Lakefield, ON, Ontario",,705-657-2134,Yes,Yes,"Vegetable, Berries, Maple Farm",Open Daily 9:00 AM - 5:00 PM
McVean Farms,-,-,jhidalgo541@hotmail.com,"71 Driftwood Ave. Unit #5, North York",North York,647-701-5994,,,Farm,-
Milkhouse Farm & Dairy,https://www.milkhouse.ca/,https://www.instagram.com/milkhousedairy/,info@milkhouse.ca,"Smiths Falls, Ontario",Ontario,613-285-9250 / 613-285-9155,Yes,Yes,Dairy Farm,-
Moffat Eggs,-,-,keitonmoffat@gmail.com,"2010 Cameron Line Indian River, ON K0L 2B0",Indian River,705 772-8354,Yes,No,Farm Eggs,-
Moonlight Crofters,http://moonlightcrofters.com/,https://www.instagram.com/moonlightcrofters/,moonlightcrofters@gmail.com,"1320 Scotch Bush Rd, Douglas, ON K0J 1S0",Douglas,613-649-2190,Yes,No,Organic Farm,-
Mud Dog Creek,https://www.muddogcreek.ca/,https://www.instagram.com/muddogcreek/,muddogcreekfarm@gmail.com,"225 Birchgrove Drive West Callander, ON P0H1H0",Callander,705-499-6869,Yes,Yes,Farm Eggs,Wednesday 10:00am - 2:00 pm; Saturday 8:30 am - 1:00pm
Murray's Farm,https://murraysfarm.com/,https://www.instagram.com/murraysfarm/,murraythunberg@primus.ca,"182 Ottawa St N, Hamilton, ON L8H 3Z5",Hamilton,905-393-1380,Yes,Yes,Livestock Farm,M-F: 11am – 6pm; Sat: 9am – 6pm; Sun: 10am – 5pm
Myzel Organics Inc.,https://myzelorganics.com/,https://www.instagram.com/myzelorganics/,info@myzelorganics.com,"51207 Tunnacliffe Road South Wainfleet, ON L0S 1V0",Wainfleet,877 386-0632,Yes,No,Mushroom,Monday - Friday 08:00am - 5:00pm
Nautilus Farm,https://www.ptboregionalfarmersmarket.org/nautilus-farm,-,toddnoble@gmail.com,"1888 David Fife Line, RR#1, Concession 5, Lot 22, Indian River",Indian River,705 -957 -0618,Yes,No,Farm,-
Neufeld Family Farm,http://facebook.com/NeufeldFamilyFarm/,-,t.m.neufeld@live.ca,"2832 Campden Rd. RR# 1 Vineland, ON L0R 2C0",Vineland,905-941-0179,Yes,No,"Vegetables, Maple Farm",-
Neva Fantham-Tremblay,-,-,Nevaaven@hotmail.com,"60 Hazelton Lane, North Bay",North Bay,705-358-8943,,,Flower Farm,-
New Care Farms Inc/Upper Canada Creamery,https://www.uppercanadacreamery.com/,https://www.instagram.com/uppercanadacreamery/,sales@uppercanadacreamery.com,"11575 Waddell Rd., Iroquois, Ontario",Iroquois,613-803-8890,Yes,Yes,Dairy Farm,Tuesday: 9 am – 4 pm; Wednesday: 9 am – 4 pm; Thursday: 9 am – 4 pm; Friday: 9 am – 4 pm; Saturday: 11 am – 3 pm
O'Brien Farms,https://www.obrienfarm.ca/,https://www.instagram.com/obrienfarmsbeef/,dan.obrien@sympatico.ca,"13214 CTY RD 13, Winchester",Winchester,613-761-2403,Yes,No,Livestock Farm,-
Ostrich Land,https://www.ostrichlandontario.com/,https://www.instagram.com/ostrichlandontario/,info@ostrichland.ca,"8299 Concession 2 Rd, West Lincoln, Ontario  L0R 1E0",West Lincoln,647-988-0841,Yes,Yes,Ostrich Products,Weekdays 10:00 am – 5:00 pm; Weekends 09:00 am - 5:30 pm
OtonaBEE Apiary,-,https://www.instagram.com/otonabeeapiary/,otonabeeapiary@gmail.com,"2010 Cameron Line, Indian River, ON K0L 2B0, Canada",Indian River,705-295-4354,Yes,No,Honey ,-
Otonabee Microgreens,https://www.otonabeemicrogreens.ca/,https://www.instagram.com/otonabeemicrogreens/,otonabeemicrogreens@gmail.com,"851 Hutchinson Drive, Milbrook",Milbrook,647-588-8277,Yes,No,Farm,-
Ottawa Garlic Co.,https://ottawagarlic.com/,https://www.instagram.com/ottawa.garlic/,info@ottawagarlic.com,-,-,613-299-4450,Yes,Yes,Garlic Farm,-
Papa Tom's Worms,https://papatomsworms.com/,-,inspectortom99@gmail.com,"7865 Sassafras Trail, Niagara Falls",Niagara Falls,905-714-3683,Yes,Yes,Worms,-
Perras Gardens,-,-,perrasju@yahoo.ca,"1, Perras Rd Val Rita, ON P0L 2G0",Val Rita,705-367-5302,Yes,No,Vegetables & Boer Goat,-
Pinehaven Farm,https://www.ptboregionalfarmersmarket.org/pinehaven-farm,-,johwoo@nexicom.net ,64 County Road 21 R.R. #3 Millbrook ON L0A 1G0,Millbrook ,705-932-3540,,,Farm,-
Plaid Shirt Farms Ltd,https://plaidshirtfarms.com/,https://www.instagram.com/ontarioblackcurrant/,info@plaidshirtfarms.com,"225804 Otterville Rd, Otterville, ON N0J 1R0, Canada",Otterville,226-321-2525,Yes,Yes,Farm,-
Porpiglia Farms,https://www.facebook.com/p/Porpiglia-Farms-100039505914806/,-,angelaporpiglia@hotmail.ca,"1462 Townline Road, Niagara-on-the-Lake, ON, Ontario",Niagara-on-the-Lake,905-684-0014,Yes,Not Sure,Farm,-
Providence Poultry Ltd./The Good Ground Natural Farm,https://www.thegoodground.ca/,https://www.instagram.com/thegoodground.farm/,mike@thegoodground.ca,"3327 Zimmerman Road, Lincoln, Ontario",Lincoln,905-865-3262,Yes,Yes,"Vegetable, Pasture, Forest Raised Meats",-
Pure Home Grown Inc.,https://www.purehg.com/,https://www.instagram.com/purehomegrowninc/,admin@purehg.com,"2725 Chalmer's Ave. Young’s Point, Ontario",Young's Point,705-312-4236,Yes,No,Aquaponic,Every Thursday 12-4
Quane Flower Farm,https://www.quaneflowerfarm.com/,https://www.instagram.com/quaneflower/,quaneflowerfarm@gmail.com,"921 Telecom Rd. Pontypool, ON L0A 1K0",Pontypool,-,Yes,Not Sure,Flower Farm,-
Queensdale Farm,https://queensdalefarm.ca/,https://www.instagram.com/queensdaleflowers/,diana@queensdalefarm.ca,"205 Queensdale Ave., East York, ON M4C2B1",East York,416-876-8321,No,No,Flower Farm,CLOSED
Riel Acres,https://rielacresfarm.com/,https://www.instagram.com/rielacresfarm/,rielacresfarm@gmail.com,"2574 12th line, Lakefield, on",Lakefield,705 977-7234,Yes,No,Farm,-
Ron-Lyn Farms,-,-,ronlynfarms@hotmail.com,"75 Bruce Road 28 RR #1, Clifford ON N0G 1M0",Clifford,519-367-2666,Yes,Not Sure,Livestock Farm,-
Royal Rose Garden,https://www.localfoodcanada.ca/directory/ontario/toronto/royal-rose-garden,-,royalrose_garden@yahoo.ca,"855218 Gobles Road, Princeton, ON",Princeton,519-458-4786,Yes,No,Berry Farm,Sunday to Friday: 8am - 6pm
Rutabaga Ranch,https://rutabaga-ranch.com/,https://www.instagram.com/rutabagaranch/,therutabagaranch@gmail.com,"10842 Kirker Rd, Brinston, ON K0E 1C0",Brinston,819-431-9637,Yes,No,Farm,Mon - Sun 7:00am-7:00pm
Sannox Farm,-,-,ajheffernan@hotmail.com,"2280 Blezard Line, Indian River, Ontario K0L 2B0 ",Indian River,705-917-1993,Yes,No,Livestock Farm,Saturday between 8AM and 1PM
Sara's Plant Stand,https://www.facebook.com/sarasplantstand/,-,Hamblin22@gmail.com,"890 Orchard Grove Lane, Selwyn , ON",Selwyn,705-872-8271,Yes,Yes,Farm,Always open
Schlosser Farm,https://www.facebook.com/SchlosserFarm/,https://www.instagram.com/schlosserfarmtroutcreek/,schlosserfarmtroutcreek@gmail.com,"80 Schlosser LineTrout Creek, ON P0H 2L0",Trout Creek,705-623-4681,Yes,No,Fruit & Produce Farm,-
Second Avenue Hydro,-,-,aheward@hotmail.com,"438 Second Avenue East, North Bay",North Bay,705-358-8946,Not Sure,Not Sure,Hydroponics,-
Selwyn Garlic Farms,http://selwyngarlicfarms.net/,https://www.instagram.com/selwyngarlic/,willie71@nexicom.net,"1060 Centre Line, Selwyn, Ontario K9J 6X5",,705-927-0515,Yes,No,Garlic Farm,-
Silmaril Farm,http://silmarilfarm.ca/,-,ccchorney+mseaborn5c92b12382c21@gmail.com,"144 Russ Rd Grimsby, ON L3M 4E7",Grimsby,905-945-7963,Yes,No,"Apples, Chicken & Egg","FRIDAY, SATURDAY and SUNDAY 10-4"
Slow Roots Farm,https://slowrootsfarm.ca/,https://www.instagram.com/slow.roots.farm/,info@slowrootsfarm.ca,"1113 French Settlement Rd, Kemptville ON",Kemptville,613-867-2377,Yes,Yes,Farm,Wednesday - Sunday 10am-4pm
Smylie's Meadowlark Farms,https://www.facebook.com/profile.php?id=100091912323983,https://www.instagram.com/smyliesmeadowlarkfarms/,psmylie1@hotmail.com,"845 Amelia Street, North bay",North Bay,705-471-2528,Yes,No,Hydroponics,-
Soiled Reputation,https://soiledreputation.com/,-,johnfam@quadro.net,"4129 County Rd 130, Sebringville, ON N0K 1X0",Sebringville,519-393-6497,Yes,No,Farm,Monday to Friday 9:00am - 5:00pm
Son in Law Produce Ltd.,https://www.soninlawproduce.ca/,https://www.instagram.com/son_in_law_produce_ltd/,hello@soninlawproduce.ca,"225754 Otterville Rd, Otterville, Ontario​",Otterville,(519)410-6383,Yes,Yes,Farm,-
Spring Bloom Acres,https://springbloomorchard.prosperous.farm/,https://www.instagram.com/springbloomacres,SpringBloomAcres@gmail.com,"175631 Flemings Road, Haileybury, Ontario",Ontario,705-312-5903,Yes,No,Farm,Sunday-Thursday from 12-6
Spruce Ridge Farm,https://spruceridgefarm.ca/,https://www.instagram.com/spruceridgefrm87/,spruceridge87@gmail.com,"22450 Thomson Line, Rodney, ON",Rodney,519-476-1169,No,No,Farm,-
Stanley's Olde Maple Lane Farm,https://stanleysfarm.com/,http://instagram.com/stanleysoldemaplelanefarm,operations@stanleysfarm.com,"2452 York's Corners Rd., Edwards, ON K0A 1V0",Edwards,613-821-2751,Yes,Yes,Maple Farm,Tuesday - Fri 9:00am- 5:00pm; Saturday - Sunday 9:00am-3:00pm
Tap That Sap,https://www.facebook.com/TapThatSap,-,jameshogg333@msn.com,"RR #1, 12708 County Road 24, Roseneath ON K0K 2X0",Roseneath,905-352-2350,Yes,No,Maple Farm,Saturday 8:00AM-1:00PM
Terraform Farm,https://www.terraformfarm.com/,https://www.instagram.com/terraformfarm,terraformfarm@gmail.com,"6612 6TH Concession Rd., Prescott, ON, K0E 1T0",Prescott,613-222-5556,Yes,Yes,Farm,Every Sunday 
Thames River Melons,https://www.thamesrivermelons.com/,https://www.instagram.com/thamesrivermelons,alex.trmelons@gmail.com,"765875 Township Road 5, Innerkip, ON, N0J 1M0",Innerkip,519-469-3636,Yes,Yes,Farm,Weekdays 8am-8pm; Weekends 8am-6pm
The Back 40,https://theback40.ca/,https://www.instagram.com/theback40_ca,Gus@theback40.ca,"1158 Telecom Road, Pontypool, Ontario",Pontypool,(705) 277-2791,Yes,Yes,Flower Farm,-
The Barking Bee Company,https://store.thebarkingbeecompany.ca/,-,sales@thebarkingbeecompany.ca,"3765 Mapleshore Drive, Kemptville, ON, Ontario",Kemptville,613-863-8519,Yes,Yes,Honey,-
The Farm on Argyle,https://www.ptboregionalfarmersmarket.org/the-former-farm-on-argyle,https://www.instagram.com/the_farm_on_argyle/,pmabrioux@gmail.com,"61 Argyle, Peterborough",Peterborough,705-876-8221,Yes,Not Sure,Farm,-
The Gardens at Smith Feeds,-,https://www.instagram.com/thegardens.at.smithfeeds/,thegardensatsmithfeeds@gmail.com,"339 Fichault Rd, Rutherglen, ON P0H 2E0,",Rutherglen,705-358-7757,Yes,No,"Flower, Farm",-
The Good Beef Company (formerly Godelie Family Farm),https://www.thegoodbeefcompany.ca/,https://www.instagram.com/goodbeefcompany/,gary@thegoodbeefcompany.ca,"225699 Otterville Road Otterville, ON N0J 1R0",Otterville,519-709-7049,Yes,Yes,Livestock Farm,-
the Promistery,https://promistery.com/,https://www.instagram.com/the.promistery/,promistery@protonmail.com,"3428 Eleventh Street, St Catharines, ON L2R 6P7",St. Catharines,(289) 931-4668,Yes,Yes,Farm,Tuesday-Friday 10:00 AM - 5:00 PM; Saturday 10:00 AM- 3:00 PM
The Ugly Barn Farm,https://theuglybarnfarm.com/,https://www.instagram.com/theuglybarnfarm/,info@theuglybarnfarm.com,"611 Ratter Lake Rd., Markstay, Ontario",Markstay,705-698-6405,Yes,Yes,Barn Farm,"Mon - Fri, 8am - 3:30pm"
Three Forks Farm,https://www.threeforksfarm.ca/,https://www.instagram.com/threeforksfarm,info@threeforksfarm.ca,"345 Colony Road, Bobcaygeon, ON (Kawartha Lakes), K0M 1A0",Bobcaygeon, (705) 931-5338,Yes,Yes,Livestock & Poultry Farm,Friday 3-7pm; Saturday 10am-3pm; Sunday 9-12pm
Top Market Meats and Family Farms,https://topmarketmeats.ca/,-,leslie@topmarketmeats.ca,"5887 Splint Rd, Guelph, ON, Ontario",Guelph,519-716-9464,Yes,Not Sure,Farm,Friday 4:00 PM - 7:00 PM; Saturday 10:00 AM - 5:00 PM; Sunday 11:00 AM - 4:00 PM
Trillium Meadows Red Deer & Wild Boar Farm,https://trilliummeadows.ca/,-,info@trilliummeadows.ca,"1814 Beauchesne Rd, Vankleek Hill, ON K0B 1R0",Vankleek Hill,613-678-1679,Yes,No,Livestock Farm,-
Vergers Villeneuve and Blueberry Farm,https://vergersvilleneuve.com/,https://www.instagram.com/vergersvilleneuve,vergersvilleneuve@hotmail.com,"1341 Rollin Road, CLarence-Rockland, Ontario, K0A 3N0",Clarence-Rockland,613-488-3077,Yes,Yes,Blueberry Farm,Friday - Sunday 11:00 AM - 5:00 PM
Victoria & Grace Honey Co.,https://vghoneyco.ca/,-,victoria@vghoneyco.ca,"10550 Fowler Line, Blackstock, ON L0B 1B0",Blackstock,416-453-3037,Yes,Not Sure,Honey,-
Wagner Maple Farm,wagnermaplesyrup.ca,https://www.instagram.com/wagnermapleproducts/,rjw7032@yahoo.ca,"1778 4th Line Road North Dummer, Douro-Dummer, Ontario, K0L 2H0",Douro-Dummer,(705) 930-0506,Yes,No,Maple Farm,-
Waratah Downs Organic Farm,https://waratahdowns.com/,https://www.instagram.com/waratahdownsfarm/?,waratahdowns@gmail.com,"3444 Scotch Line, Perth ON K7H 3C5",Perth,613-267-7050,Yes,No,Organic Farm,-
Warner's Farm,https://warnersfarm.ca/,https://www.instagram.com/warnersfarm/,twarner@vaxxine.com,"4045 John St., Beamsville, Ontario, Canada L0R 1B1",Beamsville,905 562 5637,Yes,No,Farm,Saturday - Sunday
Wegner Vegetable Gardens,-,-,Mrsfarmerfekete@gmail.com,"R.R#2, 220 13th Concession Road, Scotland",Scotland,519-802-6930,No,No,Farm,-
Willo'Wind Farm,https://www.willowind.ca/,https://www.instagram.com/willo_wind_farm,willowwindfarm@hotmail.com,"12740 Concession Road #5, Uxbridge, ON L9P 1R2",Uxbridge,905-852-3878,Yes,Yes,Farm; Poultry,-
Willow Creek Farm,https://www.facebook.com/Willowcreekcoffee,-,Willowcreekcoffee@outlook.com,"1667 River Road, Astorville",Astorville,705-475-9168,Yes,No,Farm,Open all day
Wren Lane Farm,-,-,wrenlanefarm@yahoo.ca,"1504 11 Line, Harcourt, ON K0L 2H0",Harcourt,705-931-3281,No,No,Honey,-
Wyl-Win Farm,https://www.localfoodcanada.ca/listing/wyl-win-farm,-,wylwinfarm@gmail.com,"2047 4th Line RR#3, Norwood, Ontario, K0L 2V0",Norwood,705-639-5606,Yes,No,Organic Farm,Always open
Yellow House Bees,https://www.facebook.com/YellowHouseBees,https://www.instagram.com/explore/locations/134132073928641/yellow-house-bees,ptbobees@gmail.com,"553 Harvey Street, Peterborough, ON, Ontario",Peterborough,705-741-8485,Yes,No,Honey,Thursdays from 9-1
Yellowlees Family Farm,https://www.facebook.com/yellowleesfarm,https://www.instagram.com/yellowleesfarm,yellowleesfarm@gmail.com,"4441 Malcolm Road, Nestleton, ON L0B 1L0",Nestleton,905-986-0657,Yes,Yes,Livestock & Poultry Farm,Always open