Name,URL,Instagram,Email address,Address,Town / City,Phone,Open to public?,Online store?,Categories,Hours,Description,output
Algoma Farmers' Market,http://algomafarmersmarket.ca/,https://www.instagram.com/algomafarmersmarket/,algomafarmersmarket@hotmail.com,"65 Foster Dr. Sault Ste. Marie, ON P6A 1X3",Marie,705-779-2586,Yes,No,Farmer's Market,Saturday 8:30 AM - 1:00 PM,,
Almonte Farmers' Market,http://www.almontefarmersmarket.com/,https://www.instagram.com/almonte_farmers_market,teamworkcsa@hotmail.com,"Ottawa Valley Rail Trail between Bridge St. and John St. Almonte, ON K0A 1A0",Almonte,613-259-2177,Yes,No,Farmer's Market,Saturday 8:30 - 12:30 May to October,,
Amherstburg Farmers Market,https://amherstburgfarmersmarket.ca/,https://www.instagram.com/amherstburgmarket,farmersmarketamherstburg@gmail.com,"8728 Howard Avenue ,Amherstburg, ON N9V0C8",Amherstburg,519-736-7361,Yes,No,Farmer's Market,Saturday9:00 AM - 1:00 PM,,
Ancaster Farmers Market,http://shopancasterfarmersmarket.com/,https://www.instagram.com/ancasterfarmersmarket,"marketmanager@shopancasterfarmersmarket.com","357 Wilson St E, Ancaster, ON L9G 2C1",Ancaster,289-239-7828,Yes,No,Farmer's Market,Wednesday From 3-7 pm,,
Annette Village Farmers' Market,http://www.annettevillagemarket.com/,https://www.instagram.com/annette_village_fm,annettevillagefarmersmrkt@gmail.co,"680 Annette St.,Toronto, ON M6S 2C8",Toronto,416-458-9393,Yes,No,Farmer's Market,Wednesday 3-7pm,,
Argyle Farmers Market,argylefarmersmarket.business.site,-,farmers.market.argyle@gmail.co,"18 Hilltop Dr.,Arnstein, ON P0H1A0",Arnstein,705-358-7821,Yes,No,Farmer's Market,-,,
Aurora Farmers Market & Artisan Fair,https://theaurorafarmersmarket.com/,https://www.instagram.com/theaurorafarmersmarket,theaurorafarmersmarket@gmail.co,"49 Wells Street, Aurora, ON L4G 6S6",Aurora,289-796-1825,Yes,No,Farmer's Market,8 a.m. - 1 p.m.,,
Barry's Bay Farmers' Market,-,-,jdeorganics@gmail.co,"250 John St.Barry's Bay, ON K0J 1B0",Barry's Bay,613-401-2749,Yes,No,Farmer's Market,-,,
Bayfield Farmers' Market,"https://www.grandbendvillagefm.com/,%20https://bayfieldfarmersmarket.com/",https://www.instagram.com/bayfieldfarmersmarket/,grandbendvillagefm@gmail.co,"Clan Gregor Square,Bayfield, Ontario, ON N0M 1T0",Bayfield,519-237-3108,Yes,No,Farmer's Market,-,,
Belleville Farmers' Market,http://bellevillefarmersmarketon.ca/,https://www.instagram.com/bellevillefarmersmarketon,sharonkleinsteuber@gmail.co,"182 Pinnacle Street between Market & Macannany St.,Belleville, ON K0K 2Y0",Belleville,"613-393-5671",Yes,,Farmer's Market,"Tuesday 8:00 AM - 5:00 PM, Thursday 8:00 AM - 5:00 PM, Saturday 8:00 AM - 5:00 PM",,
Bloor.Borden Farmers' Market,https://bloorborden.com/,https://www.instagram.com/bloorbordenmarket/,bloorbordenmarket@gmail.com,"300 Borden St, Toronto, ON M5S 2N5",Toronto,613-475-4769,Yes,Yes,Farmer's Market,Wednesdays 3:00pm- 7:00pm,,
Bobcaygeon Farmers Market,https://www.bobcaygeonfarmersmarket.com/,https://www.instagram.com/bobcaygeonfarmersmarket/,info@bobcaygeonfarmersmarket.com,"47 Mansfield Street, Bobcaygeon, ON, K0M1A0",Bobcaygeon,705-738-9426,Yes,,Farmer's Market,Saturdays 8:00am - 1:00pm,,
Bradford Farmers' Market,https://www.bradfordfarmersmarket.ca/,https://www.instagram.com/bradfordfarmersmarket,bradfordontariofarmersmarket@gmail.com,"425 Holland Street West, Bradford West Gwillimbury, ON L3Z 0J2",Bradford West Gwillimbury,416-899-9741,Yes,Yes,Farmer's Market,Saturdays from 9AM – 1PM,,
Brampton Farmers' Market,https://www.brampton.ca/markets,https://www.instagram.com/experiencebrampton,markets@brampton.ca,"2 Wellington Street West, Brampton, ON L6Y 4R2",Brampton,416-806-3422,,,Farmer's Market,Saturdays 8:00am - 1:00pm,,
Brantford Farmers Market,http://www.brantford.ca/farmersmarket,https://www.instagram.com/brantford_farmers_market/,brucejacobson@brantford.ca,"79 Icomm Drive, Brantford, ON, Canada, Ontario",Brantford,519-752-8824,Yes,No,Farmer's Market,Fridays: 9:00 a.m. to 2:00 p.m.; Saturdays: 7:00 a.m. to 2:00 p.m.,,
Brights Grove Market,https://www.facebook.com/brightsgrovemarket/,https://www.instagram.com/brightsgrovesummermarket/,emep2019@gmail.com,"2759 Lakeshore Road, Brights Grove, ON N0N 1C0",Brights Grove,519-402-3530,Yes,No,Farmer's Market,Wednesday 4:00 PM - 8:00 PM,,
Brockville Farmer's Market,https://www.brockvillefarmersmarket.ca/,https://www.instagram.com/brockvillefarmersmarket,info@brockvillefarmersmarket.ca,"Market Street West, Brockville, ON K6V",Brockville,613-213-2190,Yes,Not Sure,Farmer's Market,Saturdays: 8:00 am to 1:00 pm,,
Bronte Farmers' Market,https://bronte-village.ca/2024-bronte-farmers-market-vendor-applications-available-now/,https://www.instagram.com/brontebia/,info@brontevillage.net,"2445 Lakeshore Rd W, Oakville, ON L6L 1H6",Oakville,905-825-3258,Yes,No,Farmer's Market,Monday to Friday 9:00am - 5:00pm,,
Brooklin Farmers' Market,https://www.whitbyfarmersmarket.ca/,https://www.instagram.com/whitbyfarmersmarket,whitbyfarmersmarket@gmail.com,"405 Dundas St West, Whitby, ON, Canada, Ontario",Whitby,905-767-7086,Yes,No,Farmer's Market,Saturdays 9:00am - 2:00pm June-October,,
Burlington Centre Lions Farmers' Market,https://www.burlingtoncentrefarmersmarket.ca/,-,burlington.centre.farmers.market@gmail.com,"777 Guelph Line, Burlington, ON L7R 4L6",Burlington,905-634-4002,Yes,Yes,Farmer's Market,Wednesday: 8:00 AM to 2:00 PM; Friday: 8:00 AM to 3:00 PM; Saturday: 8:00 AM to 2:00 PM,,
Cabbagetown Farmers Market,https://www.cabbagetownmarket.ca/,https://www.instagram.com/cabbagetownmarket,info@cabbagetownmarket.ca,"Riverdale Park West, Toronto, ON, Ontario",Toronto,705-331-2870,Yes,No,Farmer's Market,Tuesdays 3:00pm - 7:00pm,,
Caledonia Farmers' Market,https://www.facebook.com/profile.php?id=100063708303777,-,canfield387@gmail.com,"151 Caithness Street East, Caledonia Ontario N3W 1C2",Caledonia,905-961-1257,Yes,Yes,Farmer's Market,Thursday 2:00 PM - 7:00 PM,,
Cambridge Farmers' Market,https://www.cambridgefarmersmarket.ca/,https://www.instagram.com/cambridgefarmersmarket,farmersmarket@cambridge.ca,"40 Dickson St, Cambridge, ON N1R 1T7",Cambridge,519-740-4681,Yes,No,Farmer's Market,Saturdays 7:00am - 1:00ppm,,
Campbellford Farmers' Market,https://www.facebook.com/CampbellfordFarmersMarket/,https://www.instagram.com/thecampbellfordmarket,campbellfordfm@gmail.co,"66 Front Street South,Campbellford, ON K0L 1L0",Campbellford,416-931-5736,Yes,No,Farmer's Market,Saturday 9:00 AM - 1:00 PM,,
Carleton Place Farmers' Market,http://carletonplacefarmersmarket.ca/,https://www.instagram.com/cpfarmers.market/,CPfarmersmarket@outlook.com,"7 Beckwith St, Carleton Place, ON K7C 2T1",Carleton Place,613-324-1271,Yes,No,Farmer's Market,Saturday8:30 AM - 12:30 PM,,
Carp Farmers' Market,https://carpfarmersmarket.ca/,https://www.instagram.com/carpfarmersmarket,carpfarmersmarket@gmail.com,"P.O. Box 367 Carp, ON K0A 1L0",Carp,"613-709-3263",Yes,No,Farmer's Market,Saturday 8am to 1pm,,
Cayuga Country Market,https://www.facebook.com/groups/842525920597952,-,cayugamarket@gmail.com,"8 Echo Street West, Cayuga, ON N0A 1E0",Cayuga,"905-975-3276",Yes,No,Farmer's Market,Saturday 8:00 to !pm,,
Civitan Dorval Crossing Farmers Market,http://www.oakvillefarmersmarket.ca/,http://instagram.com/oakvillecivitanfarmersmarket,"ghorhota@rogers.com","200 North Service Road West, Oakville, ON L6M 2Y1",Oakville,"416-357-9788",Yes,No,Farmer's Market,SAT 08:00 – 13:30 (1:30P.M.),,
Clarington Farmer's Market,-,-,claringtonfarmersmarket@gmail.co,"1780 Rudell Road Newcastle, ON L1B 1G8",Newcastle,"905-725-7824",Yes,No,Farmer's Market,-,,
Cloverbelt Country Farmers' Market - Agricultural Center,https://www.cloverbeltfarmersmarket.com/,https://www.instagram.com/cloverbeltfarmersmarket/,cloverbeltfarmersmarket@gmail.com,"99 Scott Street, Dryden, ON P8N 3G2",Dryden,807-220-1178,Yes,No,Farmer's Market,Thursday 3:00pm - 6:00pm,,
Cloverbelt Country Farmers' Market - Oxdrift Hall,https://www.cloverbeltfarmersmarket.com/,,cloverbeltfarmersmarket@gmail.com,"18946 Hwy 17, Oxdrift, ON P0V 2J0",Oxdrift,807-220-3358,Yes,No,Farmer's Market,Saturday 9:00am - 12:00pm,,
Cobourg Farmers' Market,http://www.cobourgfarmersmarket.com/,https://www.instagram.com/cobourgfarmersmarket/,cobourgfarmersmarket@gmail.com,"Rotary Harbourfront Park, Cobourg, ON, Canada, Ontario",Cobourg,647-535-5456,Yes,No,Farmer's Market,Saturday 8:00am - 1:00pm,,
Cochrane Farmers' Market,https://cochraneontario.com/,,recreation@cochraneontario.com,"226 Fifth Street, Cochrane, ON P0L1C0",Cochrane,705-272-5084,Yes,No,Farmer's Market,-,,
Codrington Farmers' Market,https://www.codringtonfarmersmarket.ca/,https://www.instagram.com/codringtonfarmersmarket/,lianapalmer@xplorernet.com,"2992 County Rd 30, Codrington, ON K0K 1R0",Codrington,613-475-4005,Yes,No,Farmer's Market,Sundays 10:00am - 1:00pm,,
Collingwood Downtown Farmers' Market,https://collingwooddowntown.com/farmers-market/,https://www.instagram.com/collingwooddowntown/,info@collingwooddowntown.com,"105 Hurontario Street, P.O. Box 23, Collingwood, Ontario L9Y 3Z4",Collllingwood,705-445-5595,Yes,No,Farmer's Market,-,,
Combermere Farmers' Market,https://www.facebook.com/combermeresfarmersmarket,-,jharron_thewildwood@hotmail.com,"1007 Mill Street, Combermere, ON K0J 1L0",Combermere, 613-756-5602,Yes,No,Farmer's Market,Saturdays 8:00am - 11:00am,,
Constance Bay Community Market,https://marketinthebay.com/,https://www.instagram.com/marketinthebay,marketinthebay@gmail.com,"262 Len Purcell Drive, Ottawa, ON K0A 3M0",Ottawa,613-880-3746,Yes,Yes,Farmer's Market,-,,
Cornwall Kinsmen Farmers' Market,https://cornwallkinsmenfarmersmarket.ca/,https://www.instagram.com/kinsmenfarmersmarket/,admin@cornwallkinsmenfarmersmarket.ca,"2 St. Lawrence Drive Cornwall, Ontario K6H 4Z1",Cornwall,613-360-3704,Yes,No,Farmer's Market,Open May 26-Oct. 28 10:00am-2:00pm Sundays,,
Covent Garden Market,https://coventmarket.com/,https://www.instagram.com/cgoutdoorfarmersmarket,info@coventmarket.com,"130 King Street, London, ON N6A 1C5",London,519-439-3921,Yes,No,Farmer's Market,Monday to Thursday: 8am - 6pm; Friday 8:00am-7:00pm; Saturday 8:00am-6:00pm; Sunday 11:00am-4:00pm,,
Creemore Farmers' and Craft Market,https://creemorefarmersmarket.ca/,https://www.instagram.com/newcreemoremarket,creemoremarket@gmail.com,"10 Caroline St East Creemore, ON L0M 1G0",Creemore,705-435-3316,Yes,No,Farmer's Market,Saturday 9:00 to 1:00,,
Crystal Beach Farmers Market,https://www.thebeachmarket.ca/,https://www.instagram.com/the.beach.market/,stacksbannerman@gmail.com,"The Grove, 0 Erie Road, Crystal Beach, ON L0S 1B0",Crystal Beach,416-729-0425,Yes,Yes,Farmer's Market,Wednesday - Saturday-10-5Sunday- 11-4,,
Cumberland Farmers' Market,http://www.cumberlandfarmersmarket.ca/,https://www.instagram.com/cumberlandfarmmarket,"info@cumberlandfarmersmarket.ca","1115 Dunning Rd.,Cumberland, ON K4C 1E6",Cumberland,613-806-7559,Yes,No,Farmer's Market,Saturdays from 9 a.m. to 1 p.m.,,
Deep River Farmers' Market,https://deepriverfarmersmarket.ca/,,drfarmersmarket@gmail.com,"100 Deep River Rd. Deep River, ON K0J 1P0",Deep River,613-552-6365,Yes,No,Farmer's Market,Saturday from 10 am to12:30 pm,,
Downtown Windsor Farmers' Market,http://dwfm.ca/,https://www.instagram.com/dwfmarket,info@dwfm.ca,"484 Pelissier Street,Windsor, ON N9A 4K9",Windsor,"519-982-4644",Yes,No,Farmer's Market,9am - 2pm Saturdays,,
Dufferin Grove Organic Farmers’ Market,http://dufferingrovemarket.ca/,https://www.instagram.com/dufferingrovemarket,info@dufferingrovemarket.ca,"875 Dufferin St, Toronto, ON M6H 3K8 Park",Toronto,416-458-4747,Yes,No,Farmer's Market,Thrusdays 3:00ppm - 7:00pm,,
Dundas Farmers Market,https://dundasfarmersmarket.ca/,https://www.instagram.com/dundasfarmersmkt,dundasmarket@gmail.com,"Municipal Parking Lot 7D at Hatt Street and Miller’s Lane, Dundas, ON",Dundas,289 260-9921,Yes,No,Farmer's Market,"Thursdays, 2:00pm-6:00pm June to October",,
Dunnville Farmers' Market,https://www.dunnvillefarmersmarket.ca/,https://www.instagram.com/dunnville_farmers_market/,buyfresh.dfm@gmail.com,"218 Main St, Dunnville, ON",Dunnville,905-975-9538,Yes,No,Farmer's Market,Opem Tuesdays 2:00pm-7:00pm and Saturdays 7:00am- 12:00noon,,
East Gwillimbury Farmers Market,https://www.eastgwillimbury.ca/en/living-in-eg/farmers_-market.aspx,https://www.instagram.com/egfarmersmarket,egevents@eastgwillimbury.ca,"19000 Leslie Street, East Gwillimbury, ON,",East Gwillombury,905-478-4282,Yes,No,Farmer's Market,"May 9 -  October 10, 2024 2:00pm - 7:00pm",,
East Lynn Park Farmers' Market,https://www.eastlynnparkfarmersmarket.ca/,-,catherine.clark@farmersmarketsontario.com,"1949 Danforth Avenue, Toronto",Toronto,613-475-4769,Yes,No,Farmer's Market,June to October 3:00pm - 7:00pm,,
"East York Farmers' Market",https://www.facebook.com/EastYorkFarmersMarket/,https://www.instagram.com/eyfarmersmarket/,rabbott@sympatico.ca,"850 Coxwell Avenue, Toronto, ON",Toronto,416-429-9684,Yes,No,Farmer's Market,Tuesdays 8:00am - 2:00pm,,
Eat Well Market,http://eatwellmarket.ca/,https://www.instagram.com/eat_well_market_hanover,eatwellmarkethanoverontario@yahoo.com,"Hanover Pavilion Park, Hanover, ON",Hanover,519-389-7185,Yes,No,Farmer's Market,Saturdaysn 8:00am - 2:00pm,,
Eganville Farmers' Market,https://www.eganvillefarmersmarket.com/,https://www.instagram.com/eganvillefarmersmarket,eganvillefarmersmarket1@gmail.com,"8 Foran Street, Eganville, ON",Eganville,613-638-2794,Yes,No,Farmer's Market,Friday 2:00 PM - 5:00 PM,,
Elmira Farmers' Market,https://www.elmirafarmersmarket.com/,https://www.instagram.com/elmirafarmersmarket/,info@elmirafarmersmarket.com,"Crossroads 384 Arthur St S, Elmira, ON",Elmira,226-339-9178,Yes,No,Farmer's Market,Saturdays 8:00 am till 1:30 pm,,
Elora Farmers' Market,https://www.elorafarmersmarket.ca/,https://www.instagram.com/elorafarmersmarket,elorafarmersmarket@gmail.com,"127 E. Mill Street, Elora, ON",Elora,226-821-5536,Yes,No,Farmer's Market,Every Saturday  9:00AM to 1:00 PM,,
Erin Farmers' Market,https://www.erinfarmersmarket.ca/,https://www.instagram.com/ErinFarmersMarket,erinfarmers.mkt@gmail.com,"Inside the Agri-Dome @ the Erin Fairgrounds, 184 Main St., Erin, On",Erin,647-229-0697,Yes,No,Farmer's Market,Thursdays 2:00pm - 4:00pm or 5:00pm - 7:00pm,,
Farmers' Market of Grimsby,http://www.grimsbyfarmersmarket.com/,https://www.instagram.com/grimsby_farmers_market,mseaborn@silmaril.on.ca,"Main Street East, Grimsby, ON L3M 1R3",Grimsby,905-945-7963,Yes,No,Farmer's Market,Thrusday 3:00pm - 7:00pm,,
Fenelon Falls Farmers' Market,https://fenelonfallsfarmersmarket.com,,kathymartin@56msn.com,"45 Bond St. Fenelon Falls, ON K0M1N0",Fenelon Falls,703-416-589,Yes,No,Farmer's Market,Friday 9am to 2pm ,,
Flesherton & District Farmers' Market,https://www.fleshertonfarmersmarket.ca/,https://www.instagram.com//fleshertonfarmersmarket/,barnettron5@gmail.com,"101 Highland Drive,Flesherton, ON N0C 1E0",Flesherton,519-924-0777,Yes,No,Farmer's Market,Saturdays 9-1 pm,,
Front Street Farmers' Market,https://www.quintewest.ca/en/open-for-business/freshonfront.asp?_mid_=92994,https://www.instagram.com/quinte_west_tourism,economicdevelopment@quintewest.ca,"67 Front Street, Trenton, ON K8V 4N3",Trenton,613-392-284,Yes,No,Farmer's Market,-,,
Frontenac Farmers' Market,https://frontenacfarmersmarket.com/,https://www.instagram.com/frontenacfarmersmarket_,tarrawilliamson1@gmail.com,"4500 Centennial Park Rd, Harrowsmith, ON K0H1V0",Harrowsmith,613-985-3531,Yes,No,Farmer's Market,-,,
Gananoque Farmers Market,-,-,ganfarmersmarket@gmail.com,"30 King Street East,Gananoque, ON K7G 1E9",Gananoque,"613 329-2998",Yes,No,Farmer's Market,"Monday 12:00 AM - 11:59 PM Tuesday 12:00 AM - 11:59 PM Sunday, 12:00 PM - 11:59 PM",,
Georgetown Farmers Market,http://www.farmersmarketgeorgetown.com/,https://www.instagram.com/georgetownfarmersmarket,farmersmarket@downtowngeorgetown.com,"Main St S. Georgetown, ON L7G3H7",Georgetown,905-873-4970,Yes,No,Farmer's Market,Saturday 8:00 AM - 12:30 PM,,
Georgina Farmer's Market,https://www.georginafarmersmarket.ca/,https://www.instagram.com/georginafarmersmarket,GeorginaFarmersMarket@gmail.com,"20849 Dalton Road,Sutton West, Ontario, ON L0E 1R0","Sutton West,","289-264-7626",Yes,No,Farmer's Market,Sunday9:00 AM - 2:00 PM,,
Goderich Farmers' Market,http://www.goderichbia.ca/virtu,https://www.instagram.com/goderichbia/,"bia@goderich.ca","1 Courthouse Square, Goderich, ON N7A 1M2",Goderich,519-440-0871,Yes,No,Farmer's Market,AM to 2pm Saturdays,,
Grand Bend Village Farmers' Market,"https://www.grandbendvillagefm.com/,%20https://bayfieldfarmersmarket.com/",https://www.instagram.com/grandbendvillagefm,grandbendvillagefm@gmail.co,"St John's by the Lake Anglican Church, 70671 Bluewater Hwy.Grand Bend, ON N0M 1T0",Grand Bend,519-237-3108,Yes,Yes,Farmer's Market,-,,
Guelph Farmers' Market,http://www.guelph.ca/farmersmarket,https://www.instagram.com/guelphfarmersmarket/,"farmersmarket@guelph.ca","2-4 Gordon St. @ Waterloo Ave.,Guelph, ON N1H 3A1",Guelph,519-822-1260,Yes,No,Farmer's Market,"Saturdays year-round, 8a.m. to 1 p.m.",,
Haliburton Farmers' Market,http://www.hcfma.ca/,https://www.instagram.com/haliburton_farmers_market,incrediblehcfma@gmail.com,"Head Lake Park Haliburton, ON K0M 1S0",Haliburton,"705-455-9388",Yes,No,Farmer's Market,"TUESDAYS 10 am – 2 pm , SATURDAYS 10 am – 2 pm , FRIDAYS 2 pm – 6 pm ",,
Haliburton Farmers' Market at Abby Gardens,http://www.hcfma.ca/,https://www.instagram.com/haliburton_farmers_market,incrediblehcfma@gmail.com,"1012 Garden Gate drive,Haliburton, ON K0M 1S0",Haliburton,"705-455-9388",Yes,No,Farmer's Market,"TUESDAYS 10 am – 2 pm , SATURDAYS 10 am – 2 pm , FRIDAYS 2 pm – 6 pm ",,
Hamilton Farmers' Market,https://hamiltonfarmersmarket.ca/,https://www.instagram.com/hamontmarket,bill.slowka@hamilton.ca,"35 York Blvd., Hamilton, ON L8R 3K1",Hamilton,"905-546-2096",Yes,No,Farmer's Market,Wednesday 9:00 AM - 5:00 PM Thursday 9:00 AM - 5:00 PM Friday 9:00 AM - 5:00 PM Saturday 8:00 AM - 5:00 PM,,
Havelock Farmers & Artisan Market,http://www.havelockmarhet.ca/,-,"elmleagoat@gmail.com","128 Morningside Drive, Havelock, ON K0L 1Z0",Havelock,"705-778-3370",Yes,No,Farmer's Market,Friday 1:00 PM - 7:00 PM,,
Hespeller Village Market Inc.,http://hespelervillagemarket.com/,https://www.instagram.com/hespelervillagemarket,"GORD.WHITNEY@AMLTECHNICALSERVICES.COM","11 Tanney ST E Cambridge, ON N3C 2B9",Cambridge,519-212-5457,Yes,No,Farmer's Market,Every Friday evening from 3:00pm to 7:00pm,,
Horton Farmers' Market,https://www.hortonfarmersmarket.ca/,https://www.instagram.com/hortonfarmersmarket,hortonfarmersmarket@stthomas.ca,"10 Manitoba Street St. Thomas, ON N5P 3A2",Thomas,"519-868-5551",Yes,No,Farmer's Market,Saturday Mornings from 8am-Noon,,
Humber Bay Shores Farmers Market,https://humberbayshores.org/,-,"HBSfarmersmarket@rogers.com","Humber Bay park West, Toronto, ON M8V3X7",Toronto,416-357-3899,Yes,No,Farmer's Market,9:00 AM to 2:00 PM,,
Innisfil Farmers Market,https://www.innisfilfarmersmarket.ca/,https://www.instagram.com/innisfilfarmersmarket,"innisfilfarmersmarket@outlook.com","7883 Yonge Street. North Lot of the Stroud Arena Innisfil, ON L9S1A8",Innisfil,"249-877-3526",Yes,No,Farmer's Market, 1pm to 6pm Weekly,,
Island Summer Market,-,-,"janmcquay23@gmail.com","M'Chigeeng Arena, M'Chigeeng First Nation, ON P0P 1G0",M'Chigeeng First Nation,705-377-4045,Yes,No,Farmer's Market,-,,
Johnson Farmers' Market,http://www.johnsonfarmersmarketdesbarats.ca/,-,"jtfarmersmarket@gmail.com","1 Cameron Avenue, Desbarats, ON, ON P0R 1E0",Desbarats,705-541-1886,Yes,Yes,Farmer's Market,"from 9:00 am - 2 pm (changing to fall hours of 10 am - 2 pm on Sept. 24, 2022)",,
Junction Farmers Market,http://junctionmarket.ca/,https://www.instagram.com/junctionmarket,"info@junctionmarket.ca","Baird Park - 275 Keele Street, Toronto, ON M6P 2K1",Toronto,647-828-5570,Yes,No,Farmer's Market,Saturdays 9am-1pm,,
Kapuskasing Farmers' Market,https://www.facebook.com/p/March%C3%A9-des-fermiers-%C3%A0-Kapuskasing-Kapuskasing-Farmers-Market-100063558941834/?paipv=0&eav=Afa64f0s_7uFNW8l9LzYjhYJ7ZiMSYFUCUmUmmjzrHW1oxRMQTU2mo2W3njI17-TxPk&_rdr,-,"syl20_53@icloud.com","4 Ash Street,Kapuskasing, ON P5N 2C8",Kapuskasing,705-335-3165,Yes,No,Farmer's Market,Saturday 8:00 AM - 12:00 PM,,
Kemptville Farmers Market,http://www.kemptvillefarmersmarket.ca/,https://www.instagram.com/kemptville_farmers_market,kfmmanager1@gmail.com,"200 Sanders St, Kemptville, Ontario K0G1J0 Kemptville, ON K0G1J0",Kemptville,"613-291-8908",Yes,Yes,Farmer's Market,Sunday Hours: Noon to 4pm,,
Kingston Public Market,http://kingstonpublicmarket.ca/,https://www.instagram.com/kingstonpublicmarket,adrienne@lovingspoonful.org,"216 Ontario St. Kingston, ON K7L2Z3",Kingston,"705-571-4523",Yes,No,Farmer's Market,"Tuesday, Thursday, and Saturday From 8:30 AM to 4 PM",,
Kinmount Farmers' Market,http://www.kinmountfarmersmarket.ca/,https://www.instagram.com/kinmountfarmersmarket/,"lindamehak@gmail.com","Austin Sawmill Park Kinmount, ON K0M 2A0",Kinmount,416-986-7216,Yes,Yes,Farmer's Market,Saturday 9am to 2pm,,
Kitchener Farmers' Market,http://www.kitchenermarket.ca/en/index.asp,,"Cameron.Dale@kitchener.ca","300 King St E. Kitchener, ON N2G 2L3",Kitchener,519-741-2287,Yes,No,Farmer's Market,7 a.m. - 2 p.m. on Saturdays,,
Lakefield Farmers' Market,http://www.lakefieldfarmersmarket.net/,https://www.instagram.com/lakefieldfarmersmarket,"info@lakefieldfarmersmarket.net","20 Concession Street, Lakefield, ON K0L 2H0",Lakefield,705-743-4926,Yes,No,Farmer's Market,Thursday 9 a.m. to 1 p.m.,,
Lakeview Farmers' and Artisan Market,https://www.creativehub1352.ca/lakeviewfarmersmarket,,info@creativehub1352.ca,"1352 Lakeshore Road East, Mississauga, ON L5E1E9",Mississauga,647-454-9168,Yes,No,Farmer's Market,Sunday 9:00am - 2:00pm,,
Lambton Shores Market -Grand Bend,https://www.lambtonshoresmarkets.com/,https://www.instagram.com/grandbendfarmersmarket/,lambtonshoresmarkes@gmail.com,"11004 Museum Road, Grand Bend, ON N0M 1B0",Grand Bend,519-494-1139,Yes,No,Farmer's Market,Wednesday 8:00am - 1:00pm,,
Lambton Shores Markets -Forest,https://www.lambtonshoresmarkets.com/,https://www.instagram.com/grandbendfarmersmarket/,lambtonshoresmarkes@gmail.com,"6 Main St. North Forest, ON N0N 1J0",North Forest,519-494-1139,Yes,No,Farmer's Market,Friday 9:00am - 1:00pm,,
"Lindsay Farmers' Market ( Victoria Ave., Victoria Park, Victoria Park Armoury",https://lindsayfarmersmarket.com/,https://www.instagram.com/Lindsayfarmersmarketontario,lindsayfarmersmarketontario@gmail.com,"Victoria Ave. Between Kent St. & Peel St. Lindsay, ON",Lindsay,705-872-5291,Yes,No,Farmer's Market,Saturday 7:00am - 1:00pm,,
Lindsay Farmers' Market (Wilson Field),https://lindsayfarmersmarket.com/,https://www.instagram.com/lindsayfarmersmarketsince1859,lindsayfarmersmarketontario@gmail.com,"Victoria Ave. Between Kent St. & Peel St. Lindsay, ON",Lindsay,705-872-5291,Yes,No,Farmer's Market,Thursday 10:00am - 3:00pm,,
Lion's Head Farmers' Market,https://www.lionsheadfarmersmarket.com/,https://www.instagram.com/lionsheadfarmersmarket,lionsheadfm@hotmail.com,"1 Forbes Street, Lions Head, ON",Lions Head,519-795-7365,Yes,No,Farmer's Market,Saturday 9:00am - 12:00pm,,
Lions Club of Land O'Lakes Farmers Market,https://e-clubhouse.org/sites/landolakeson/,https://www.instagram.com/lionsclubs,lionscluboflandolakes@gmail.com,"12328 Highway 41, Northbrook, ON K0H 2G0",Northbrook,647-963-4058,Yes,No,Farmer's Market,Saturday 10:00am - 1:00pm,,
Locke Street Farmers' Market,https://lockestreetfarmersmarket.com/,https://www.instagram.com/lockestfarmersmarket/,lockestfarmersmarket@gmail.com,"260 Locke Street South, Hamilton, ON L8P 4B9",Hamilton,905-297-9454,Yes,No,Farmer's Market,Saturdays 9:00am - 12:00pm,,
Matiowski Farmers' Market,https://www.facebook.com/matiowskifarmersmarket,https://www.instagram.com/matiowskifarmersmarket/,jnelson@kenora.ca,"Whitecap Pavilion, Kenora, ON P9N 3P8",Kenora,807-467-4637,Yes,No,Farmer's Market,Wednesday 8:30am - 2:00pm,,
McDonald's Corners Agricultural Hall Farmers' Market,https://www.mdcaghall.com/,-,mdcas.office@gmail.com,"194 Cameron's Road, McDonald's Corners, ON K0G 1M0",McDonald's Corners,613-278-1501,Yes,No,Farmer's Market,Sunday 10:00am - 2:00pm,,
Meaford Farmers' Market,https://linktr.ee/meafordfarmersmarket,https://www.instagram.com/Farmersmarketmeaford,MeafordFM@gmail.com,"1 Don Bumstead Way, Meaford, On, ON N4L1B8",Meaford,416-795-7866,Yes,No,Farmer's Market,Friday 3:00pm - 7:00pm,,
Memorial Centre Farmers' Market,https://www.memorialcentrefarmersmarket.ca/,https://www.instagram.com/memorialmarket,info@memorialcentremarket.ca,"303 York St., Kingston, ON K7K 1P5",Kingston,613-572-7059,Yes,No,Farmer's Market,Sunday 9:00am - 2:00pm,,
Metcalfe Farmers' Market,https://www.metcalfefm.com/,https://www.instagram.com/metcalfefarmersmarket/,metcalfefarmersmarket@yahoo.ca,"P.O. Box 179, Metcalfe, Ontario K0A 2P0",Metcalfe,613-425-1301,Yes,No,Farmer's Market,Saturday 9:00am - 1:00pm,,
Milton Farmers' Market,https://miltonfarmersmarket.ca/,https://www.instagram.com/farmersmarketmilton,tanya@miltonchamber.ca,"194 Main Street East, Milton, ON L9T 1N8",Milton,905-878-0581,Yes,No,Farmer's Market,Saturday 8:00am-12:00pm,,
Minden Farmers' Market,https://www.hcfma.ca/,https://www.instagram.com/haliburton_farmers_market/,incrediblehcfma@gmail.com,"Corner of Prince and Milne St., Minden, ON K0M 2K0",Minden,705-455-9388,Yes,No,Farmer's Market,Saturday 10:00am - 2:00pm,,
Minto Farmers' Market,http://mintofarmersmarket.ca/,\,"erin@town.minto.on.ca","164 William St.Palmerston, ON N0G 2P0",Palmerston,519-338-2511,Yes,No,Farmer's Market,Saturday 9am-12pm,,
Mountjoy Farmers' Market,https://www.mountjoyfarmersmarket.info/,-,mountjoyfarmersmarket.tmmins@gmail.com,"537 Pavilion Dr.Timmins, ON P4N 8G9",Timmins,"705-365-7485",Yes,No,Farmer's Market,Saturday 9am-12pm,,
"Music, Market and Park It - Stayner",https://www.discoverclearview.ca/,https://www.instagram.com/DiscoverClearview,"amurray@clearview.ca","220 Huron St. Stayner, ON L0M 1S0",Stayner,"705-428-6013",Yes,No,Farmer's Market,Thursday 4:30PM-7:30PM,,
NEMI Farmers' Market,https://www.facebook.com/nemifarmersmarket/,-,"kiviaholaila@gmail.com","Water Street, behind Bank of Montreal Little Current, ON P0P 1K0",Little Current,705--368-2580,Yes,No,Farmer's Market,-,,
Newmarket Main Street Farmers' Market,http://newmarketfarmersmarket.com/,https://www.instagram.com/newmarket_farmersmarket,"cbartolic@yahoo.com","200 Doug Duncan Dr. Newmarket, ON L3Y 3T8",Newmarket,"905-506-0371",Yes,No,Farmer's Market,Saturday 8:00am to 1:00pm,,
Niagara Falls Farmers' Market,https://nfexchange.ca/market,https://www.instagram.com/nffarmermarket,"markets@niagarafalls.ca","7150 Montrose Road Niagara Falls, ON, ON L2H 3N3",Niagara Falls,905-356-7521,Yes,No,Farmer's Market,"Wednesday, Saturday 7a.m.-1p.m. 3 p.m-8 p.m",,
North Bay Farmers' Market,http://northbayfarmersmarket.com/,https://www.instagram.com/northbayfarmersmarket,"info.northbayfarmersmarket@gmail.com","100 Ferguson St North Bay, ON P1B 1W8",North Bay,405-922-8202,Yes,No,Farmer's Market,10am-2pm Sat 8:30am-1pm,,
North Gower Farmers' Market,https://www.northgowerfarmersmarket.ca/,https://www.instagram.com/ngfarmersmarket,"pam@pjchiles.com","2397 Roger Stevens Drive North Gower, ON K0A 2T0",North Gower,613-852-8507,Yes,No,Farmer's Market,Saturday	8:30am - 1pm,,
North Oshawa Farmers' Market,https://northoshawafarmersmarket.ca/,-,"jjh.spevents@gmail.com","1661 Harmony Road North Oshawa, ON, ON L1K 1W3",North Oshawa,"905-725-6686",Yes,No,Farmer's Market,Sat. 9:00 a.m. to 2:00 p.m.,,
North York Farmers' Market,http://northyorkfarmersmarket.ca/,https://www.instagram.com/northyorkmarket/,"info@northyorkfarmersmarket.ca"," Mel Lastman Square North York, ON M2N 5V7",North York,"905-260-1856",Yes,No,Farmer's Market,Thursday: 8:00 AM to 2:00 PM,,
Northwest Farmers' Market,http://www.siouxlookout.com/,-,siouxlookoutchamber@gmail.com,"Wellington Street - Sioux Lookout Town Beach, Sioux Lookout, ON P8T 1A4",Sioux Lookout,807-737-1937,Yes,No,Farmer's Market,Friday 10:00am-2:00pm,,
Orangeville Farmers' Market,http://orangevillefarmersmarket.ca/,https://www.instagram.com/orangevillefarmersmarket,info@downtownorangeville.ca,"87 Broadway Orangeville, ON L9W1K1",Orangeville,519-942-0087,Yes,No,Farmer's Market,8 am - 1 pm Saturday,,
Orillia Fairgrounds Farmers Market,http://orilliafairgroundsfarmersmarket.com/,https://www.instagram.com/orilliafairgroundfarmersmarket,secretary@orilliafairgroundsfarmersmarket.com,"4500 Fairgrounds rd Severn, ON L3V 0Y2",Severn,"705-309-2966",Yes,No,Farmer's Market,Saturday 8am-1pm summer-Christmas 9am-1pm Winter,,
Orillia Farmers' Market,https://www.orillia.ca/en/visiting/orillia-farmers-market.aspx,https://www.instagram.com/orilliafarmersmarket,info@orillia.ca,"36 MIssissaga St W Orillia, ON L3V 3A6",Orillia,"705-238-7955",Yes,No,Farmer's Market,9am to 1pm Saturday ,,
Oro Medonte Farmers Market,https://www.oromedontecc.com/,https://www.instagram.com/OroMedonteCC,info@oromedontecc.com,"617 Penetanguishene Rd. Oro-Medonte Oro Medonte, ON L4M 4Y8",Medonte,416-697-4649,Yes,Yes,Farmer's Market,"Monday, Thursday 	12-6",,
Orono Farmers' Market,-,-,"Oronofarmersmarket2023@gmail.com","Centreview st.Orono ,on L0B 1M0 Orono, ON L0B 1M0",Orono,"905-260-0919",Yes,No,Farmer's Market,-,,
Ottawa Farmers' Market: Barrhaven,https://ottawafarmersmarket.ca/,https://www.instagram.com/OttawaFarmMkt,"steph@ottawafarmersmarket.ca","3091 Strandherd Drive Ottawa, ON K2G 6N3",Ottawa,613-417-3595,Yes,No,Farmer's Market,Sunday 10:00 am - 2:00 pm,,
Ottawa Farmers' Market: Lansdowne,https://ottawafarmersmarket.ca/,https://www.instagram.com/OttawaFarmMkt,"steph@ottawafarmersmarket.ca","1000 Exhibition Way Ottawa, ON K1S 5J3 Ottawa, ON K1S 5B4",Ottawa,613-417-3595,Yes,No,Farmer's Market,"Sunday, Thursday, Saturday 	9:00 am - 3:00 pm",,
Ottawa Farmers' Market: Main Street,https://ottawafarmersmarket.ca/,https://www.instagram.com/OttawaFarmMkt,"steph@ottawafarmersmarket.ca","185 Main Street Ottawa, ON K1S 1C3",Ottawa,613-417-3595,Yes,No,Farmer's Market,Saturday 9:00 am - 2:00 pm,,
Ottawa Farmers' Market: Orleans,https://ottawafarmersmarket.ca/,https://www.instagram.com/OttawaFarmMkt,"steph@ottawafarmersmarket.ca","1585 10th Line Road Orleans, ON K1E 3E8",Orleans,613-417-3595,Yes,No,Farmer's Market,Thursday 11:00 am - 4:00 pm,,
Ottawa Farmers' Market: Westboro,https://ottawafarmersmarket.ca/,https://www.instagram.com/OttawaFarmMkt,"steph@ottawafarmersmarket.ca","579 Byron Avenue Ottawa, ON K2A 0EA",Ottawa,613-417-3595,Yes,No,Farmer's Market,Saturday 9:00 am - 3:00 pm,,
Ottawa Organic Farmers' Market,https://ottawafarmersmarket.ca/,https://www.instagram.com/OttawaFarmMkt,"steph@ottawafarmersmarket.ca","579 Byron Avenue Ottawa, ON K2A 0EA",Ottawa,613-417-3595,Yes,No,Farmer's Market,Saturday 9:00 am - 3:00 pm,,
Ottawa Parkdale Market,https://www.ottawamarkets.ca/,https://www.instagram.com/ottawamarkets,"info@ottawamarkets.ca","366 Parkdale Avenue Ottawa, ON K1Y 1G8",Ottawa,"613-244-4410",Yes,No,Farmer's Market,"Sunday, Monday, Tuesday, Wednesday, Thursday, Friday, Saturday 9 am to 5 pm",,
Ottawa Street Farmers' Market,https://www.ottawastreetfarmers.com/,https://www.instagram.com/OttawaStFarmers,"info@ottawastreetfarmers.com","3 Brittania Ave Hamilton, ON L8H 3Z5",Hamilton,905-870-8697,Yes,No,Farmer's Market,Saturdays: 8:00AM–2:00PM,,
Owen Sound Farmers' Market,https://www.owensoundfarmersmarket.ca/,https://www.instagram.com/owensoundfarmersmarket,"owensoundmarket@gmail.com","88 8th St E Owen Sound, ON N4H 1K8",Owen Sound,519-270-7319,Yes,No,Farmer's Market,Saturday 8am to 12:30pm,,
Pelham Farmers' Market,https://www.pelham.ca/en/recreation-and-leisure/farmers-market.aspx,https://www.instagram.com/PelhamFarmersMarket,"sbray@pelham.ca","20 Pelham Town Square Fonthill, ON L0S 1E0",Fonthill,905-732-7888,Yes,No,Farmer's Market,Thursday 4:00pm - Dusk,,
Pembroke Farmers' Market,https://pembrokefarmersmarket.com/,https://www.instagram.com/pembrokefarmersmarketma/?locale=ar-EG,"info@pembrokefarmersmarket.com","101 Victoria St. Pembroke ON, ON K8A 8E2",Pembroke ,613-646-7878,Yes,No,Farmer's Market,Wednesday and Saturday 9 a.m. to 1 p.m.,,
Perth Farmers Market,http://www.perthfarmersmarket.ca/,https://www.instagram.com/perthfarmersmarket,perthfarmersmarket@gmail.com,"28 Drummond St E Perth, ON K7H 1E9",Perth,613-772-1121,Yes,No,Farmer's Market,Saturday 8am - 1pm,,
Peterborough Regional Farmers' Market,https://www.ptboregionalfarmersmarket.org/,https://www.instagram.,"dhoward@trentu.ca","215 Charlotte Street,Peterborough, ON K9J 0A2",Peterborough,"705-652-9888",Yes,No,Farmer's Market,"Wednesday, Saturday 8:00am -1:00pm",,
Petrolia Farmers' Market,https://town.petrolia.on.ca/residents/farmers-market/,-,dmenzies@petrolia.ca,"411 Greenfield Street Petrolia, Ontario N0N 1R0",Petrolia,519-882-2350,Yes,No,Farmer's Market,Monday through Friday: 8:30am – 4:30pm,,
Port Colborne Farmers' Market,http://portcolborne.ca/page/farmers_market,https://www.instagram.com/portcolbornefarmersmarket,downtownportcolborne@gmail.com,"59 Charlotte Street ( Market) Port Colborne, ON L3K 3G1",Port Colborne,905-834-3629,Yes,No,Farmer's Market,Friday 7:00 AM to 12:00 PM,,
Port Hope Farmers' Market,https://www.visitporthope.ca/en/eat-and-drink/farmers-market.aspx,-,"phfm1978@gmail.com","56 Queen Street, Port Hope, ON L1A 1L2",Port Hope,905-260-0919,Yes,No,Farmer's Market,Saturday 8 am - 1 pm,,
Port Perry Lakefront Farmers' Market,http://www.portperryfarmersmarket.ca/,https://www.instagram.com/portperryfm,portperryfarmersmarket@gmail.com,"121 Queen St Port Perry, ON L9L 1B8",Port Perry,9050-439-9605,Yes,No,Farmer's Market,Saturday 8AM-3PM,,
Port Rowan Farmers' Market,https://portrowanfarmersmarket.ca/,https://www.instagram.com/portrowanfarmersmarket/,"karlajfalk@yahoo.ca","11 Sea Queen Rd. Port Rowan, ON N0E1M0",Port Rowan,519-586-9532,Yes,No,Farmer's Market,Friday 3-6 pm,,
Powassan Farmers Market,http://www.powassan.net/business/powassan-farmers-market,-,"powassanfarmersmarket@gmail.com","Main Street next to The Beer Store Powassan, ON P0H 1Z0",Powassan,"705-840-8598",Yes,No,Farmer's Market,Saturday 9am -1pm,,
Ridgeway Farmers Market,https://historicridgeway.com/,https://www.instagram.com/RidgewayMarket,"ridgewaymarketmanager@gmail.com","Municipal parking lot Ridgeway, ON L0S 1N0",Ridgeway,"289-208-8986",Yes,No,Farmer's Market,Saturday 8 am to 1pm,,
Riverside Farmers Market,https://www.riversidefarmersmarket.ca/,https://www.instagram.com/riversidefarmersmarket,"riversidefarmersmarket1@gmail.com","55 Riverside Drive New Liskeard, ON P0J 1P0",New Liskeard,"705-676-5257",Yes,No,Farmer's Market,Saturday 8 am-12pm,,
Sarnia Farmers' Market,-,,"weilandmeatsltd@on.aibn.com","110 Proctor St. Sarnia, Ontario, ON N7T 3G2",Sarnia,519-542-2381,Yes,No,Farmer's Market,Wednesday: 7:00 AM to 1:00 PM Saturday: 7:00 AM to 1:00 PM,,
Seaway Valley Growers Farmers' Market,-,-,"mh2brunet@sympatico.ca","""The Brick"" parking lot Cornwall, ON K6J 3T8",Cornwall,"613-347-3121",Yes,No,Farmer's Market,Wednesday: 7:00 am to 12:00 pm - mid July Saturday: 7:00 am to 12:00 pm,,
Sheshegwaning Farmers' Market,https://www.facebook.com/sheshegwaningfarmersmarket/,https://www.instagram.com/sheshegwaningfarmersmarket,"kiara@sheshegwaning.org","1079A Sheshegwaning Road Sheshegwaning ON, ON P0P 1X0",Sheshegwaning,705-283-3292,Yes,No,Farmer's Market,Sunday 	11 am - 4 pm,,
Simcoe Farmers Market,http://www.simcoefarmersmarket.com/,https://www.instagram.com/simcoemarket,"simcoemarket2022@gmail.com"," 172 South Drive Simcoe, ON N3Y 1G6",Simcoe,"519-429-2092",Yes,No,Farmer's Market,Thursday 8:00 am until 3:00 pm,,
Springwater Farmers’ Market – Elmvale,https://www.springwater.ca/farmersmarket,,"matt.garwood@springwater.ca","33 Queen St W Elmvale, ON L0L1P0",Elmvale,"705-728-4784",Yes,No,Farmer's Market,Thursday 5:00pm - 8:00pm,,
St. Catharines Farmers' Market,http://www.stcatharines.ca/farmersmarket,,"dchakarova@stcatharines.ca","91 King st St. Catharines, ON L3C 7C2",Catharines,905-688-5601,Yes,No,Farmer's Market,Thursdays 8 a.m. - 2 p.m. Saturdays 7 a.m. - 2 p.m.,,
St. Lawrence Farmers' Market,https://www.stlawrencemarket.com/,https://www.instagram.com/stlawrencemarket/,"samantha.wiles@toronto.ca","92 Front Street East Toronto, ON M5E 1C4",Toronto,416-392-7862,Yes,Yes,Farmer's Market,Saturday 5:00 AM to 3: PM,,
St. Marys Farmers' Market,http://www.stmarysfarmersmarket.ca/,-,aslater@quadro.net,"Milt Dunnell Field ""The Flats"", 1 Veteran's CircleSt. Marys, ON N4X 1B9",Marys,519-349-2448,Yes,No,Farmer's Market,Saturday 8 a.m. - 12 noon,,
Stevensville Market,http://www.forterieconservationclub.ca/,https://www.instagram.com/stevensvillemarket,"stevensvillemarket@gmail.com","2508 Stevensville Rd. Stevensville, ON L0S 1S0",Stevensville,"905-894-8839",Yes,No,Farmer's Market,Wednesday 2:00 P.M. -6:00 P.M.,,
Stratford Farmers' Market,https://www.stratfordagriculturalsociety.com/,https://www.instagram.com/sdas_market,"admin@stratfordfairgrounds.com","357 McCarthy Rd. Stratford, ON N5A 7S7",Stratford,519-271-5130,Yes,No,Farmer's Market,Saturday 7 a.m. - 12 p.m.,,
The Byward Public Market,https://www.ottawamarkets.ca/,https://www.instagram.com/ottawamarkets,melanie@ottawamarkets.ca,"55 byward market square Ottawa, ON K1G9C3",Ottawa,"613-244-4410",Yes,No,Farmer's Market,Daily 9am to 5pm,,
The Market @ The Village,http://marketatthevillage.ca/,https://www.instagram.com/niagaramarket,"notl.market@gmail.com","111 Garrison Village Dr. Niagara on the Lake, ON L0S 1J0",Niagara,905-359-3897,Yes,No,Farmer's Market,Saturday 	8am - 1pm,,
The Market at Wolfe Island Commons,https://the-market-at-wolfe-island-commons.square.site/,https://www.instagram.com/market_wic,"info@marketwolfeisland.com","1236 Road 96 Wolfe Island, ON K0H2Y0",Wolfe Island,613-483-3302,Yes,No,Farmer's Market,Saturday 	9 - 12:30,,
The Rockwood Farmers' Market,http://therockwoodfarmersmarket.ca/,https://www.instagram.com/therockwoodfarmersmarket,"therockwoodfarmersmarket@gmail.com","120 Rockmosa Drive Rockwood, ON N0B2K0",Rockwood,"226-337-4343",Yes,No,Farmer's Market,Wednesday 4-7 PM,,
The Sudbury Market,https://www.sudburymarket.ca/,https://www.instagram.com/sudburymarket/,"erin@trulynorthern.ca","40 Elm Street Sudbury, ON P3C1S8",Sudbury,"705-698-4814",Yes,No,Farmer's Market,Thursday  2PM-6PM Saturdays 9AM-2PM,,
Thornbury Farmers Market,https://thornburymarket.com/,https://www.instagram.com/thornburyfarmersmarket/,"thornburymarket@gmail.com","30 Mill Street Thornbury, ON N0H 2P0",Thornbury,705-606-7101,Yes,No,Farmer's Market,Sunday 10 am to 2 pm,,
Thunder Bay Country Market,http://www.thunderbaycountrymarket.com/,https://www.instagram.com/tbaymarket,"manager@tbcm.ca","425 Northern Ave Thunder Bay, ON P7C 2V7",Thunder Bay,807-622-1406,Yes,No,Farmer's Market,Wednesday: 3:30 PM to 6:30 PM Saturday: 8:00 AM to 1:00 PM,,
Thunder Bay Farmers' Market,-,-,tbfm@tbaytel.net,"954 Huron AvenueThunder Bay, ON P7A 1B8",Thunder Bay,807-683-8690,Yes,No,Farmer's Market,Saturday 10 am to 2 pm,,
Tillsonburg Farmers Market,-,,info@orangedooracres.ca,"41 Bridge st. Tillsonburg, ON N4G5P2",Tillsonburg,519-425-9061,Yes,No,Farmer's Market,Saturday 8am to 12pm,,
Trinity Bellwoods Farmers' Market,http://www.tbfm.ca/,https://www.instagram.com/@trinitybellwoodsfm,hello@tbfm.ca,"1053 Dundas Street West Toronto, ON M6J 1X1",Toronto,416-435-8860,Yes,No,Farmer's Market,Tuesday 3pm to 7pm,,
Urban Park Market,http://www.facebook.com/urbanparkmarket,-,"info@downtowntimmins.com","85 Pine Street South Timmins, ON P4N 2K1",Timmins,705-264-8733,Yes,No,Farmer's Market,Thursday 11am-2pm,,
Uxbridge Farmers' Market	,https://uxbridgefarmersmarket.ca/,https://www.instagram.com/uxbridgefarmersmarketcanada,"steve-lisacooper@coopersfarm.ca","291 brock St W Uxbridge, ON L9P1G1",Uxbridge,905-830-4521,Yes,No,Farmer's Market,Thursday 10am-3pm,,
Vankleek Hill Farmers' Market,http://www.vankleekhillfarmersmarket.ca/,https://www.instagram.com/vkhfmarket,"vankleekhillfarmersmarket@gmail.com","50 Home Avenue Vankleek Hill, ON K0B 1R0",Vankleek Hill,613-677-4152,Yes,No,Farmer's Market,Saturday 9:30 am - 12:30 pm,,
Village Market,http://www.villagemarket.ca/,https://www.instagram.com/villagemarketatwaldorf,mgrvillagemarket@gmail.com,"9100 Bathurst ST,Thornhill, ON L4J 8C7",Thornhill,647-898-6274,Yes,No,Farmer's Market,Saturday 	8 am - 1 pm,,
Wainfleet Farmers Market,https://wainfleetfarmersmarket.wordpress.com/,https://www.instagram.com/wainfleetfarmers,wainfleetmarkets@outlook.com,"32081 Side Road #20 Wainfleet, ON L0S 1V0",Wainfleet,905-701-2028,Yes,No,Farmer's Market,Tuesday 3:00 pm to 7:00 pm,,
Wasaga Beach Farmers' Market,https://www.wasagabeachfarmersmarket.ca/,https://www.instagram.com/wasagabeachfarmersmarket,"anthonybutcher@rogers.com","1774 Mosley Street Wasaga Beach, ON L9Z 2H5",Wasaga Beach,705-970-3652,Yes,No,Farmer's Market,Tuesday 	3pm to 7pm,,
Waterdown Farmers' Market,https://www.waterdownfarmersmarket.ca/,https://www.instagram.com/waterdownfarmersmarket,"farmersmarket@waterdownvillage.ca","79 Hamilton St. N Waterdown, ON L0R 2H0",Waterdown,289-260-6841,Yes,No,Farmer's Market,Saturday 	8 AM - 1 PM,,
Welland Farmers' Market,https://www.welland.ca/Market/index.asp,https://www.instagram.com/recreationandculture/,"tori.royer@welland.ca","70 Young Street Welland, ON L3B 6A6",Welland,905-735-1700,Yes,No,Farmer's Market,Saturday 	7:00 AM to 12:00 PM,,
Wellington North Farmers' Market,http://www.simplyexplore.ca/farmers-market.html,https://www.instagram.com/wn_farmersmarket/,rmulder@wellington-north.com,"320 King Street, East Mount Forest, ON N0G2L0",Mount Forest,"519-848-3620",Yes,No,Farmer's Market,Saturday 8:30 AM to 12:00 PM,,
West Lincoln Farmers' Market,http://www.westlincoln.ca/,https://www.instagram.com/twpwestlincoln,"LComley@westlincoln.ca","177 West Street Smithville, ON L0R 2A0",Smithville,905-957-3346,Yes,No,Farmer's Market,Tuesday 3:00 to 7:00,,
Whitby Farmers' Market,https://www.whitbyfarmersmarket.ca/,https://www.instagram.com/whitbyfarmersmarket,"whitbyfarmersmarket@gmail.com","405 Dundas Street W Whitby, ON L1N 6A1",Whitby,905-767-7086,Yes,No,Farmer's Market,Wednesday 9:00 AM to 3:00 PM,,
Wiarton Farmers' Market,-,https://www.instagram.com/wiartonfarmersmarket/,"wiartonfarmersmarket@gmail.com","594 Berford StreetWiarton, ON N0H 2T0",Wiarton,"519-379-7728",Yes,No,Farmer's Market,Friday 9:00 AM to 12:00 PM,,
Woodstock Farmers' Market,http://woodstockfairgrounds.com/,https://www.instagram.com/woodstockfarmersmarket,"market@woodstockfairgrounds.com","875 Nellis StreetWoodstock, ON N4S 4C6",Woodstock,519-589-2610,Yes,Yes,Farmer's Market,Saturday 	7:00 AM to 12:00 PM,,